t,GTP_EEA1,GTP_EEA1_2uMRab5GTP_Cy1_45,GTP_EEA1_2uMRab5GTP_Cy1_60,GTP_EEA1_2uMRab5GTP_Cy1_75,GTP_EEA1_2uMRab5GTP_Cy1_90,GTP_EEA1_2uMRab5GTP_Cy1_105,GTP_EEA1_2uMRab5GTP_Cy2_45,GTP_EEA1_2uMRab5GTP_Cy2_60,GTP_EEA1_2uMRab5GTP_Cy2_75,GTP_EEA1_2uMRab5GTP_Cy2_90,GTP_EEA1_2uMRab5GTP_Cy2_105
2.00E-07,0.953501856,0.98582583,1.034124130046398804e,0.98824449,1.003078695941476806e,1.046722952284507402e,1.059093883031066330e,1.080517865330673288e,1.046584176028244828e,1.046397691420058784e,1.122582951009349017e
4.00E-07,1.053501251,0.953369642,0.966281301,1.001124050647465014e,1.054488925077927908e,1.049200053649697928e,0.953143388,1.006522767222848502e,1.008889005841365760e,1.041917980384529319e,1.068024232034564314e
6.00E-07,1.030831116,1.039168316561797090e,1.064397032811831734e,1.066954344373411523e,1.143139995560391364e,1.104894744143602114e,1.160029395337022873e,1.157309440611562046e,1.117338093101341023e,1.099348790346197369e,1.147499159875592811e
8.00E-07,1.081072422,0.926860741,0.959316101,0.962444893,0.95645358,0.851664767,1.015549358593972551e,1.058524075359627004e,1.083311512957444211e,1.052557838071051188e,1.119355973787694580e
1.00E-06,1.08749931,1.015633068050440624e,1.019436837341009872e,1.079493752793994066e,1.060290721515781076e,1.063137632728155202e,1.048203722771372748e,1.107558621025969359e,1.035331937169979177e,1.022125682828936677e,1.096961510470388257e
1.20E-06,1.049919293,0.889562747,0.954380858,0.984588023,0.936570569,0.988874262,1.027623752112986288e,1.041492206414252886e,1.014157531862589723e,1.037920909604295616e,1.054227114120022124e
1.40E-06,0.950040435,1.065297555334245638e,1.069172133469724617e,1.104753371525904582e,1.038613793131045737e,1.002900685860014907e,0.985889038,0.972200627,0.971143603,1.015016019998053798e,1.010866781998916331e
1.60E-06,1.046753166,1.034855891389249827e,1.010162724287009706e,0.974389061,0.955663785,0.929866737,0.993868709,0.974705461,0.973354624,0.939689326,1.031611124090403342e
1.80E-06,1.023025522,1.038710286068639688e,1.025411811683406116e,1.060080549621247314e,1.057604978767927584e,1.038138733578732431e,1.007335682360124718e,1.040720732768901868e,1.038687859676794112e,1.060843072576935331e,1.019103362931654821e
2.00E-06,1.029772818,0.99749993,0.955373419,0.983370219,0.929755351,0.961907939,0.944707087,0.947155557,0.986393915,0.976955187,0.937824759
2.20E-06,0.974473087,1.048774452675646174e,1.017885071882280945e,1.046810177002267306e,1.086411169795261866e,1.092717140039674018e,0.909671363,0.983581237,1.035100317721623586e,1.030735611989062495e,1.022491817966394212e
2.40E-06,1.048064591,0.989654105,0.96705493,0.960155122,0.992227732,0.973453448,1.085364620354328347e,1.088334057965524515e,1.111455500751876935e,0.989290705,0.981333305
2.60E-06,0.935569669,1.002195186430212770e,1.022053581153469892e,1.010958532341048821e,1.008367098040477083e,1.014145324089485323e,0.987589804,0.913157205,1.007385685608258807e,1.000387780963794659e,1.042643210342750315e
2.80E-06,0.895044363,0.959253196,0.921055718,0.885870018,0.945926275,0.970350111,0.916681471,0.859296296,0.911280117,0.953620898,0.951543215
3.00E-06,1.046885952,0.98018068,1.020621565547386256e,0.949342851,0.999410175,0.985666657,1.041898361917491300e,1.063482934766859067e,1.048147490208890531e,0.967272206,0.927860436
3.20E-06,0.98833812,1.136599568417749229e,1.070207107211398112e,1.032756454855737083e,1.041391871841720995e,1.058894991263792607e,0.812280845,0.766770979,0.836956273,0.936113442,0.956116357
3.40E-06,1.048542576,0.924817749,0.961000515,1.013044288530074111e,1.024613894088786337e,1.046517964178607762e,1.135658060160141591e,1.120976851040616173e,1.098660532659879951e,1.091808073639242149e,1.031992540873441389e
3.60E-06,0.947304303,0.869661944,0.909877194,0.91814503,0.943888939,0.891226622,1.040795601510020374e,1.084317372530727130e,1.054098133422918249e,1.058642461928511969e,0.974291133
3.80E-06,0.917205207,1.086564728140491098e,1.096856609339420086e,1.074001243454755672e,1.030537367579792640e,1.060049745604955795e,1.082873748944140679e,1.090353892592403451e,0.987881788,0.996761472,1.030673786726304719e
4.00E-06,0.99535135,0.960738912,0.979449924,0.922241306,0.948726279,0.922152006,0.979558134,0.945895969,0.889964691,0.92281715,0.930459546
4.20E-06,0.97191015,0.985520803,0.981616251,0.976788348,1.026118525527553560e,1.010097708050626819e,0.988372963,0.920036619,0.927410374,0.937396333,0.917100228
4.40E-06,0.979834892,0.872925715,0.840362484,0.882769964,0.899803008,0.951643232,0.854869381,0.861393415,0.902823577,0.896431894,0.871823039
4.60E-06,0.895494723,0.969924186,0.926420894,0.967938647,0.996826961,1.018044484994593768e,0.874740316,0.924736717,1.002351758696833350e,1.004285559710888176e,0.976123108
4.80E-06,1.08837926,1.021806588179616115e,1.008933197807283078e,0.919222756,0.949251333,0.946492889,0.994472776,1.053220731999129356e,1.003729688018090371e,1.048120681517572095e,0.976138161
5.00E-06,1.042125744,1.050252448236095537e,1.025260503229540765e,1.077631392334964744e,1.158371429106790362e,1.112335208344113813e,1.066206726155896067e,0.979815159,1.086355340441231165e,1.118416794995386487e,1.092909564060130290e
5.20E-06,0.992047563,0.940768803,0.943462145,1.018807279046561654e,1.042347344917973651e,1.065062974335689638e,0.861534431,0.962018913,0.974067746,1.014898288433257356e,1.010564599474131908e
5.40E-06,0.907601152,0.958885985,0.994968163,1.050557163172041397e,1.104804676950890352e,1.078780345492052373e,0.907270761,0.927973617,0.940484,0.994743796,1.097654457548881579e
5.60E-06,1.018815373,0.908045429,0.907525256,0.95096875,0.960932006,0.957832403,0.986067469,0.986278669,0.936974022,0.963405018,1.000490567041687928e
5.80E-06,0.901850561,0.925994277,0.98302334,1.043143221124788855e,1.057499142946370929e,1.014607072774768692e,0.973681489,1.021224653553714834e,1.025196422261501761e,0.993472406,0.965512999
6.00E-06,0.92527981,1.002089625191561861e,1.009458285617747642e,0.998929645,0.980766991,0.946116235,0.970471986,0.96591225,1.041508380700235881e,1.093124927411940783e,1.033506506111149914e
6.20E-06,0.954845148,1.049926737876143878e,1.003416890465493427e,1.023809482253031033e,1.034939865923295566e,0.97549985,0.950972524,0.990521235,0.992808515,0.963955837,1.041508639724082030e
6.40E-06,0.958615401,1.009593532215257383e,0.949063266,0.920158524,0.95061785,1.009193373245574454e,1.014400982800176099e,0.977787027,0.944509006,0.926734115,0.916275686
6.60E-06,0.972599212,1.038551497485774355e,0.988669385,1.029028380299500389e,1.040133168232103555e,1.023520905570053596e,1.009506293231542839e,1.094824939161134214e,1.123177117322535556e,1.108180036491384080e,1.116020510279003730e
6.80E-06,1.00739291,0.938959637,0.923676011,0.938491469,0.970177483,0.979217526,0.95982933,0.852872652,0.757273063,0.859766333,0.862847571
7.00E-06,1.092924077,0.947071787,1.016904884146837995e,1.015667504952508793e,1.002597811101758385e,1.019495908051419875e,1.012439055965167478e,1.116773981805506244e,1.103897707002678974e,1.069118853191258767e,1.031421333898788095e
7.20E-06,1.015158538,0.998794849,0.944209821,0.892824876,0.917108403,0.936399309,1.104928891825734283e,1.021430018927828920e,0.976389872,1.003094392908706167e,1.015410305439520045e
7.40E-06,1.000371501,1.002057530293530396e,1.015561652201245391e,0.999632899,1.011422538851474373e,0.980959996,1.006606588656356882e,0.953148679,1.031626248437706339e,0.97062278,0.914625027
7.60E-06,0.86075193,0.958223732,0.97775038,1.031421167611986434e,1.005459957040694796e,0.940950121,0.975990793,0.983501071,1.007590571569803695e,0.995298619,0.962090508
7.80E-06,1.00195672,0.913555241,0.897205948,0.907842799,0.94560517,0.868943265,0.894686454,0.984078022,1.054000902621205160e,1.047499497258927548e,1.068691453271794600e
8.00E-06,0.898699267,0.98119267,0.988272457,1.017925945168285162e,1.101984698064839119e,1.012138406859010908e,0.889003367,0.883243157,0.874687095,0.911284367,0.859693972
8.40E-06,1.004776196,0.988802461,0.977117118,0.996348157,1.002507293318140924e,1.003854310773080627e,0.914371627,0.930654549,0.899718584,0.925650228,0.893473052
8.80E-06,0.982151453,0.98812262,0.962932145,0.97770082,0.985342529,0.964388148,0.989124937,1.009487497131724698e,1.059613111156087140e,1.054839206272223162e,1.063950567458013197e
9.20E-06,0.971541621,0.935903826,0.921404667,0.926564023,0.953039357,0.966982245,1.076051309359272290e,1.071467842787248603e,1.093542771673140956e,1.091424438136292974e,1.092816370414359639e
9.60E-06,0.997490531,0.961766301,1.030732923393148370e,1.055588071477689294e,1.070520894072924278e,1.038799093237404270e,0.964355993,0.987032424,1.021049266743973893e,1.030537972946748981e,1.030622592031457563e
1.00E-05,0.970587477,1.016251603257719571e,1.036016798130612759e,1.045882158021786745e,1.080190943948272198e,1.089238872341057762e,0.989274131,0.998955057,0.978424605,0.958043936,0.914198533
1.04E-05,0.994410802,0.927944419,0.964511621,0.939877277,0.967565828,1.000817729013790736e,0.998624384,0.916203544,0.915278824,0.957666543,0.973468921
1.08E-05,1.016991321,0.946929347,0.998254234,0.969117026,0.99938594,1.012329709351462936e,1.029617382419391935e,1.033199150833963076e,1.053324641431506947e,1.083765713539370568e,1.064976662202436142e
1.12E-05,1.00268873,0.912991501,0.91041784,0.906610156,0.973069856,0.975339315,0.930785947,0.905979117,0.985415555,1.000319724630565510e,1.010854620275625448e
1.16E-05,0.929289761,0.925623984,0.966475465,0.985865813,1.029672392789257485e,1.034442459811686810e,0.903288446,0.953331872,0.994753983,1.009700817694807684e,0.983207192
1.20E-05,0.881875269,0.917377818,0.935146781,0.94621938,0.950590476,0.942543848,0.987932499,1.031574191426531728e,1.013952686418606364e,1.086566316618699846e,1.088963200434284406e
1.24E-05,0.988685665,0.917518721,0.899061676,0.903947205,0.899507684,0.927709488,0.950516572,0.960315327,0.934162596,0.940125108,0.97237589
1.28E-05,1.01161179,0.985077971,0.940521788,0.959296247,1.025797369518288038e,1.046255679485077250e,0.996976163,1.043417575710093859e,1.092438732151028269e,1.075427225776434570e,1.050660687827880357e
1.32E-05,0.955020731,0.956085758,0.968211397,0.948598849,0.96670842,0.923179575,0.957825034,0.963115826,0.97986227,0.941590712,0.935297979
1.36E-05,0.983412729,0.97378018,0.959982963,0.917435365,0.939751719,0.929132407,1.031592856883737142e,1.031588376383289374e,1.042309754851315162e,1.025459451470360106e,0.994524379
1.40E-05,0.963239794,0.856356235,0.869457011,0.932705629,1.000433151770988349e,1.025479955346705996e,0.898795059,0.888647629,0.890570342,0.898178933,0.884995235
1.44E-05,1.016105244,0.911666726,0.961538336,1.000857805623751595e,0.989891365,0.967953344,0.9538885,0.98176745,0.993831093,1.035549006159275809e,0.999806493
1.48E-05,1.010987916,0.962863168,0.958513577,1.007655275769989256e,1.056931081775702941e,1.020265683309920846e,0.928846631,0.969275497,1.012620086524001151e,1.036934364228476957e,1.079852094591386980e
1.52E-05,0.958173722,0.958642839,0.961693381,1.000766780012376289e,1.024102314679489645e,1.020469310687481590e,1.015867909646713807e,1.008406809315597785e,1.071997397705750643e,1.070997695148445672e,1.014235356516707487e
1.56E-05,0.948782501,0.964093066,0.987641772,1.021349692027791356e,1.037824443790344331e,1.062093539065554815e,0.935439786,0.991724659,0.991183587,0.982280907,0.984324304
1.60E-05,0.920960476,0.972393357,1.020029063399475078e,1.026351533207382483e,1.046680405957755244e,1.027574831074102413e,1.014993835590301208e,1.079330906678816149e,1.056442665888699173e,1.027933027159168677e,1.007149581826250362e
1.68E-05,0.984057336,0.951067675,0.957104422,0.988202146,1.014027122807865666e,0.988733789,0.904784079,0.984613039,0.984687406,0.985180173,0.975576982
1.76E-05,0.962517278,0.947064007,0.965661395,0.987413121,0.990693518,0.978700782,0.953962999,0.971772585,1.002423358089396865e,0.996675092,0.997935644
1.84E-05,0.901188935,0.927021689,0.917916291,0.949445912,0.953553621,0.953288686,0.969132484,0.974308756,1.025092170981977802e,1.030790867284868906e,1.042648405908911835e
1.92E-05,0.959749623,0.929184281,0.923894049,0.914937312,0.918964958,0.940337468,0.965719076,0.985890449,0.969917432,0.939651529,0.921958694
2.00E-05,0.917208436,1.009500745760368634e,0.993256606,0.984131699,0.982245427,0.948110036,0.954183363,0.938333418,0.932518148,0.960658786,0.956961468
2.08E-05,0.929907096,0.926539908,0.921631323,0.937594515,0.982539917,1.001304866478472722e,0.903424572,0.890032571,0.921053068,0.967415888,1.008720891969637989e
2.16E-05,0.976691985,0.913395443,0.942495887,0.938933857,0.939020616,0.939261807,0.970965389,0.972820204,0.969554259,0.953586683,0.962090624
2.24E-05,0.916730449,0.976747238,0.966529575,1.002210398710221995e,0.998010184,0.992825473,0.972791203,0.976150113,0.990485813,0.98736379,0.966584525
2.32E-05,0.942610049,0.990262188,0.994429739,1.031325294352945843e,1.011505318812108811e,1.005658673870740261e,0.958289328,0.985064329,1.017639501260569013e,1.039551867595179369e,1.030974519374079579e
2.40E-05,0.968876295,0.90706326,0.914812971,0.921167186,0.964198845,0.968539607,0.907193742,0.916897564,0.915928478,0.893138822,0.913071983
2.48E-05,0.91910721,0.937574817,0.949572737,0.937372221,0.941229879,0.953333976,0.983275647,0.977492235,1.007220719168609113e,0.998966696,1.018454826822975390e
2.56E-05,0.953869789,0.93742813,0.96064404,0.942808516,0.940605907,0.955712955,0.93229234,0.971682701,0.98375638,0.972369778,0.963027463
2.64E-05,0.955705597,0.921700026,0.92551029,0.977080337,0.996077173,0.994318351,0.98599707,1.003596692763287779e,0.99226746,0.99371706,0.993573934
2.72E-05,0.927002489,0.928723956,0.931783381,0.924668634,0.951995995,0.961301009,0.916401601,0.938234546,0.958146826,0.976340156,0.986703994
2.80E-05,0.990851801,0.92455123,0.934178723,0.941352394,0.985698838,1.004612205290173588e,0.947485497,0.950345895,0.969612018,0.952272935,0.92150829
2.88E-05,0.926469328,0.958218974,0.927528704,0.956143778,0.985177895,0.979232684,0.905504913,0.944051752,0.963563885,0.932243386,0.916964338
2.96E-05,0.944510859,0.957056157,0.977010942,0.994292112,1.008966272173168477e,1.012621460908358806e,0.878866506,0.873979611,0.858845128,0.853002001,0.85279567
3.04E-05,0.937007525,0.881528517,0.878823548,0.878641601,0.903913784,0.928663555,0.940038253,0.934872051,0.970452455,0.996525869,0.99041353
3.12E-05,0.939720333,0.904990003,0.907592668,0.927481141,0.959611152,0.961179269,0.935592312,0.955301216,0.966602862,0.964856551,0.986679374
3.20E-05,0.966155272,0.909802647,0.902624264,0.92255618,0.958270405,0.991475099,0.939023545,0.957578521,0.950163196,0.981816884,0.98929455
3.36E-05,0.985564536,0.945393942,0.932574422,0.945069931,0.952945982,0.943474943,0.904887098,0.930879926,0.957741404,0.923240259,0.917855455
3.52E-05,0.941750963,0.89467571,0.902583113,0.931878472,0.94879707,0.974713681,0.922542105,0.954499576,0.963722043,0.962686225,0.936956091
3.68E-05,0.897332758,0.945672681,0.948402721,0.949867291,0.974983438,0.973336883,0.895551654,0.895248446,0.905849466,0.917950065,0.910304967
3.84E-05,0.962893517,0.892415438,0.903287133,0.929266947,0.96622935,0.966009513,0.90074167,0.900047241,0.923324609,0.919685334,0.903103604
4.00E-05,0.908974421,0.889602546,0.882780833,0.892524562,0.923815684,0.9384556,0.908099001,0.929601928,0.932238396,0.931135663,0.935172711
4.16E-05,0.884728664,0.957557482,0.953088699,0.97167697,0.985804678,0.999140982,0.91463762,0.891777246,0.887783436,0.891120442,0.892483126
4.32E-05,0.905873894,0.932948798,0.913239781,0.916174782,0.913542009,0.904901327,0.855765695,0.88244981,0.909657681,0.897614709,0.918029789
4.48E-05,0.938652564,0.957333284,0.954541213,0.970647179,0.98306088,0.962069961,0.865886166,0.874194163,0.890844033,0.932828736,0.902713091
4.64E-05,0.921648875,0.876732334,0.873580644,0.877378384,0.899038361,0.901123345,0.88132582,0.908780964,0.948110658,0.966907215,0.958124451
4.80E-05,0.942572979,0.864345679,0.855811212,0.863478654,0.896464992,0.909008118,0.948439905,0.960554936,0.975221444,0.944300349,0.927358035
4.96E-05,0.889203836,0.913393816,0.924984329,0.937597664,0.960366784,0.961495193,0.851531889,0.863405293,0.892133476,0.88997873,0.899790003
5.12E-05,0.932381749,0.882227962,0.866933858,0.856619993,0.887675647,0.898372082,0.88322103,0.918054568,0.916178813,0.920048118,0.913431055
5.28E-05,0.900836674,0.941827414,0.935357126,0.941598645,0.938131962,0.922230352,0.89964227,0.932958844,0.933272124,0.911876531,0.943023545
5.44E-05,0.915980297,0.868079578,0.870753422,0.877626966,0.899077675,0.905397627,0.86687834,0.864255021,0.869716965,0.868090462,0.878654306
5.60E-05,0.898590111,0.897749391,0.896832395,0.919111812,0.925701595,0.940281907,0.914576513,0.926533654,0.952415912,0.948041407,0.973329605
5.76E-05,0.927000338,0.884576819,0.889077105,0.910836236,0.927643911,0.927184296,0.914958164,0.917268797,0.908208465,0.905452023,0.919858851
5.92E-05,0.925837212,0.863603119,0.894296151,0.891857124,0.926738832,0.927454671,0.919413032,0.911841379,0.916879316,0.90870871,0.890626877
6.08E-05,0.919612734,0.914438306,0.898518737,0.896882745,0.91264333,0.91316734,0.885573115,0.914835833,0.943839768,0.928002239,0.916499089
6.24E-05,0.896942304,0.886280709,0.88103823,0.913815562,0.933736237,0.927481486,0.86272769,0.886348105,0.885351554,0.893079533,0.898537668
6.40E-05,0.878681098,0.908342372,0.910406365,0.915278849,0.931522923,0.924028441,0.842509667,0.859974319,0.895033009,0.897469357,0.917426091
6.72E-05,0.912044446,0.881156829,0.874520208,0.879067901,0.910087762,0.911653726,0.871076239,0.88620546,0.906137319,0.917927861,0.905988911
7.04E-05,0.889730081,0.87538738,0.875383917,0.895351498,0.916708749,0.915454783,0.882018926,0.892881689,0.88890209,0.872940286,0.871061328
7.36E-05,0.893544468,0.878484699,0.876013634,0.8796132,0.895546617,0.891505401,0.883155161,0.91220047,0.916634602,0.912068622,0.919040935
7.68E-05,0.899734787,0.874627875,0.880340643,0.887571296,0.912265428,0.90864349,0.912849987,0.917366595,0.920976841,0.914730528,0.902695965
8.00E-05,0.869260924,0.862726463,0.865256502,0.880738997,0.889714508,0.883327448,0.886009708,0.901714446,0.916892675,0.903495948,0.900749215
8.32E-05,0.897724193,0.872279691,0.878188736,0.868466458,0.881920749,0.88878889,0.879624389,0.900244802,0.934323032,0.936424029,0.937137356
8.64E-05,0.890684463,0.891751195,0.870759239,0.875645143,0.891524555,0.892634655,0.868349233,0.900075198,0.905928641,0.893931984,0.890207304
8.96E-05,0.878182123,0.861322582,0.858020055,0.859910212,0.862052342,0.856313739,0.840669696,0.853576594,0.871097019,0.875247421,0.883109378
9.28E-05,0.868848434,0.866483839,0.866668216,0.865780711,0.891403378,0.894673375,0.853689662,0.864139563,0.884090681,0.885249398,0.877144641
9.60E-05,0.848929686,0.871789169,0.875209317,0.884311547,0.894542912,0.880448037,0.867713305,0.880621786,0.903323158,0.895235616,0.88822038
9.92E-05,0.886229851,0.885051196,0.881589826,0.875794524,0.899623685,0.883282372,0.869328453,0.874335814,0.884342093,0.897750049,0.902228317
0.0001024,0.884957415,0.856800975,0.861997053,0.866369617,0.891292525,0.881927972,0.865614704,0.862667782,0.874437982,0.877290182,0.884805067
0.0001056,0.862633026,0.84272957,0.842265337,0.865299377,0.876386605,0.869601954,0.845147283,0.847655213,0.874631462,0.871717948,0.877081181
0.0001088,0.832084013,0.845934156,0.842513585,0.845701109,0.860440486,0.867849804,0.85958552,0.870404951,0.872061849,0.876732039,0.86793628
0.000112,0.851891295,0.845794299,0.855359806,0.851199356,0.868682165,0.8790125,0.839422047,0.846998017,0.866022599,0.854043758,0.857230791
0.0001152,0.8351948,0.84078667,0.827395932,0.839189857,0.872754938,0.868364721,0.860173098,0.840227274,0.851305805,0.854181478,0.857750233
0.0001184,0.828865964,0.845558164,0.841315438,0.852147125,0.876219503,0.889245141,0.808626949,0.834720254,0.859953956,0.851856718,0.844891583
0.0001216,0.840315853,0.861542105,0.865066216,0.866695882,0.88228898,0.881381273,0.835164781,0.843389781,0.849312358,0.846787289,0.855712881
0.0001248,0.847513102,0.837402071,0.842232957,0.854382594,0.866562868,0.869750016,0.825425165,0.848059527,0.863703056,0.852545721,0.837156854
0.000128,0.834326264,0.834885472,0.83369826,0.84672124,0.853895692,0.844497038,0.840123765,0.866357808,0.881777065,0.867212411,0.852552479
0.0001344,0.843192022,0.817712669,0.817445966,0.832393555,0.850652846,0.857548171,0.826173608,0.844132836,0.855767948,0.848405638,0.840096516
0.0001408,0.83568511,0.823855881,0.822973867,0.83269136,0.849438735,0.859231272,0.809954744,0.815277005,0.820019288,0.825890521,0.830034305
0.0001472,0.848488011,0.809899257,0.810140953,0.813066874,0.833641373,0.834026784,0.829716139,0.836017822,0.847166375,0.846806126,0.859642708
0.0001536,0.823358233,0.806932568,0.809901604,0.82931922,0.852314471,0.852837923,0.819450551,0.846137527,0.850456478,0.854243465,0.845520908
0.00016,0.814647094,0.812324592,0.815338645,0.824051299,0.833376457,0.840388777,0.829629403,0.831029835,0.838918809,0.83077636,0.831259534
0.0001664,0.81353553,0.817223387,0.825373732,0.842925182,0.851512655,0.847943057,0.814215538,0.834848014,0.831540809,0.823009873,0.831089093
0.0001728,0.815755525,0.795511431,0.80037759,0.810775159,0.831234919,0.826845035,0.811156401,0.828130263,0.84239495,0.835666534,0.839062755
0.0001792,0.787547174,0.802820866,0.810208276,0.815218474,0.822819255,0.823075944,0.803834948,0.824433691,0.833083808,0.830542813,0.827653417
0.0001856,0.789780166,0.801788172,0.815580755,0.825409186,0.839648469,0.844892548,0.791835471,0.812258502,0.835946472,0.824448082,0.826838456
0.000192,0.802638866,0.810416698,0.805242405,0.812896694,0.821661826,0.81755119,0.788907915,0.811789647,0.815936735,0.812473057,0.821551971
0.0001984,0.819256556,0.786713696,0.789441721,0.789678273,0.817298213,0.812718227,0.774228374,0.780109629,0.797201832,0.797148846,0.797794896
0.0002048,0.783965943,0.806327032,0.808719129,0.812985968,0.826551001,0.829656232,0.798859702,0.796122139,0.817113028,0.810128794,0.805627312
0.0002112,0.785724327,0.778436543,0.783342552,0.791281627,0.816188395,0.815440872,0.7602747,0.775536164,0.792738526,0.790746106,0.800976989
0.0002176,0.801912304,0.767670953,0.770759568,0.776931293,0.800836201,0.805475854,0.776737795,0.782628258,0.792644303,0.790548882,0.793203545
0.000224,0.780006036,0.778160686,0.78338782,0.786040334,0.795084373,0.788377467,0.784757458,0.783738324,0.794124835,0.797566374,0.808778958
0.0002304,0.763983038,0.784123929,0.784820242,0.781748849,0.78025378,0.788837794,0.753296966,0.769959387,0.788266251,0.778031327,0.781464699
0.0002368,0.807573969,0.790115897,0.794599613,0.793613794,0.812813372,0.814584468,0.771158268,0.793053459,0.802841575,0.799085854,0.798417866
0.0002432,0.768935797,0.778881828,0.768303923,0.779407966,0.792686189,0.792161164,0.763054749,0.777524383,0.783809002,0.780017195,0.781585703
0.0002496,0.782179508,0.777101691,0.789364237,0.790854569,0.805628694,0.803849189,0.75022283,0.755732,0.772289309,0.756725593,0.764687129
0.000256,0.767701043,0.770734721,0.774802966,0.784939625,0.78708969,0.783977164,0.762222524,0.769173323,0.780299332,0.781454163,0.779076901
0.0002688,0.76427241,0.759685315,0.760511087,0.770054355,0.77771129,0.783813419,0.73944996,0.751540862,0.768486433,0.767725775,0.764394675
0.0002816,0.740484898,0.75638842,0.761198422,0.769269645,0.78889239,0.777840631,0.756292236,0.769382603,0.788884318,0.785849745,0.781317055
0.0002944,0.734420473,0.749605227,0.758260582,0.761876866,0.785390652,0.782732154,0.746065269,0.775024307,0.776506636,0.777937163,0.778435026
0.0003072,0.723520847,0.754337121,0.753318009,0.760741642,0.776279328,0.771399401,0.733382585,0.739863476,0.748882814,0.753562548,0.753796003
0.00032,0.747926822,0.734595666,0.734844891,0.738453805,0.758776447,0.751980748,0.746585138,0.763773976,0.777950705,0.77023413,0.769471356
0.0003328,0.743323807,0.744140742,0.739089655,0.738755568,0.750548805,0.746693188,0.727511038,0.734278393,0.745365423,0.741317598,0.745446536
0.0003456,0.713032621,0.738549347,0.737179749,0.741401453,0.754883885,0.746547281,0.724532011,0.727664916,0.744941236,0.743015568,0.743207783
0.0003584,0.706169442,0.716267057,0.715739162,0.721345246,0.732870118,0.72650474,0.715928902,0.724421503,0.732790574,0.73520616,0.745698676
0.0003712,0.712461847,0.714997346,0.708038241,0.717175972,0.727858152,0.721121399,0.712234136,0.727467742,0.747269869,0.750709576,0.752052347
0.000384,0.689897233,0.714412595,0.710062919,0.717530763,0.731417191,0.729076261,0.713055694,0.724980089,0.73689837,0.736104057,0.743485694
0.0003968,0.697496197,0.713112858,0.718285724,0.726324367,0.741950038,0.739491134,0.700710634,0.70559889,0.722028539,0.724831437,0.732164645
0.0004096,0.687606523,0.70804159,0.702097602,0.712129003,0.730210033,0.736419599,0.709828017,0.706707667,0.720630909,0.711301194,0.713378046
0.0004224,0.696463809,0.697379527,0.700360328,0.706154502,0.716587236,0.71386071,0.696489753,0.708462637,0.723135043,0.714300472,0.711328296
0.0004352,0.685765297,0.701115195,0.695643727,0.696780632,0.712845859,0.708565283,0.679429933,0.691837123,0.709107231,0.701326393,0.711361683
0.000448,0.690228305,0.686145571,0.685318217,0.689555143,0.696889976,0.697727403,0.673612692,0.681817712,0.691549175,0.693956541,0.696909209
0.0004608,0.70011033,0.676964803,0.684981529,0.693943805,0.713441132,0.705217071,0.692294458,0.700308811,0.716669584,0.710454593,0.709592963
0.0004736,0.6707257,0.682414056,0.677459336,0.686735416,0.704961021,0.71615552,0.679143032,0.696816655,0.709404803,0.707188667,0.713991029
0.0004864,0.65992077,0.667988445,0.668123406,0.678179535,0.697752981,0.697480094,0.661024028,0.671759113,0.679749326,0.676830214,0.675866291
0.0004992,0.663342167,0.678473384,0.679040336,0.687492282,0.690983904,0.682233309,0.677467092,0.685141294,0.691386078,0.691545105,0.690445909
0.000512,0.654375274,0.659958122,0.66310589,0.6726108,0.683644581,0.683534884,0.661748633,0.678855279,0.687554433,0.686364162,0.691941207
0.0005376,0.656281282,0.667485733,0.671428114,0.67685533,0.683788253,0.67845968,0.646243584,0.65255264,0.665085372,0.664650853,0.662947499
0.0005632,0.645346686,0.653041696,0.655859497,0.65904345,0.672700313,0.670883341,0.645149497,0.658656175,0.673874172,0.674808138,0.668810832
0.0005888,0.6355308,0.641544144,0.648961823,0.65807819,0.673776727,0.6737234,0.632615553,0.63872427,0.653594109,0.647591936,0.66282396
0.0006144,0.623270146,0.639905961,0.640719072,0.642711749,0.653286418,0.651662871,0.634639527,0.640320726,0.645312412,0.646509242,0.654187514
0.00064,0.617430775,0.632071591,0.636715426,0.643011363,0.65636591,0.65471469,0.625174097,0.634712158,0.641114264,0.646320827,0.651684286
0.0006656,0.608464331,0.623117858,0.628708286,0.630832291,0.643376393,0.643343315,0.618439727,0.620633924,0.634242157,0.63730913,0.637041834
0.0006912,0.598213882,0.624565435,0.622469437,0.61938015,0.627135388,0.627951208,0.613122425,0.618791462,0.630629652,0.640305674,0.638444646
0.0007168,0.601513867,0.610043993,0.610803548,0.614801541,0.630187482,0.633522473,0.596010887,0.605499082,0.620528147,0.623174274,0.632804151
0.0007424,0.587062393,0.608251864,0.612951296,0.620020603,0.633233105,0.626001679,0.603749136,0.60234351,0.607491934,0.620891875,0.624789648
0.000768,0.574532245,0.604840631,0.600157439,0.603617575,0.613689105,0.608715016,0.589171685,0.5941845,0.600989724,0.59807107,0.601150335
0.0007936,0.575525889,0.585400706,0.584432885,0.586578695,0.599404775,0.599067292,0.580107043,0.582534764,0.597429587,0.602479583,0.607970177
0.0008192,0.56554506,0.593370713,0.591265398,0.593061507,0.597768443,0.595488758,0.57473284,0.580850563,0.592754396,0.598204192,0.600219381
0.0008448,0.553224044,0.572205891,0.573122969,0.581502028,0.590447648,0.592725161,0.576234395,0.582202114,0.588638005,0.587622872,0.58987065
0.0008704,0.556445358,0.560936285,0.57187532,0.579263262,0.586914894,0.583004053,0.564062435,0.571092994,0.579878161,0.584166284,0.595973852
0.000896,0.546158708,0.563592846,0.561470716,0.567875964,0.585916223,0.585167623,0.556170699,0.556171854,0.568502841,0.567047413,0.577539516
0.0009216,0.537178683,0.56088902,0.564812339,0.569197528,0.585989452,0.582904052,0.542209733,0.55231712,0.563156014,0.567691575,0.571782596
0.0009472,0.529628888,0.558179797,0.56086323,0.565581176,0.577724813,0.575210708,0.531557017,0.538386506,0.548670494,0.547759895,0.553060966
0.0009728,0.529447336,0.544537501,0.549509951,0.555462443,0.565865666,0.564321425,0.543235955,0.544829056,0.55262259,0.5567609,0.557824447
0.0009984,0.528017827,0.540331376,0.550714246,0.554768281,0.561228727,0.553656752,0.532714524,0.533477324,0.538238207,0.544140511,0.551862542
0.001024,0.524802043,0.536715371,0.539855446,0.544593877,0.55626623,0.556100191,0.539314919,0.544988942,0.54945433,0.556921769,0.560329948
0.0010752,0.510474503,0.528281317,0.528550817,0.536143771,0.545228441,0.546245841,0.508633114,0.519838318,0.526906982,0.534135816,0.541523797
0.0011264,0.50198406,0.509941468,0.515243794,0.522578104,0.531529258,0.531151694,0.500264454,0.512257778,0.523823348,0.531219415,0.529847444
0.0011776,0.486980528,0.498867119,0.499947025,0.50927801,0.520561885,0.519771949,0.492392259,0.502226857,0.514433825,0.519178705,0.526452301
0.0012288,0.481508007,0.491233094,0.492601166,0.499671248,0.504773574,0.502626452,0.492744093,0.497625143,0.505899261,0.507994919,0.518422157
0.00128,0.479420753,0.492661193,0.494104483,0.499076552,0.506911244,0.508820681,0.472897996,0.485931636,0.494683335,0.494245326,0.498804307
0.0013312,0.471157747,0.487580219,0.485778181,0.486373493,0.494302165,0.493974674,0.467681332,0.474994912,0.482584441,0.484986636,0.490211737
0.0013824,0.463397422,0.472815419,0.470393444,0.476503986,0.483690345,0.481471724,0.453584472,0.464086944,0.476718775,0.474111048,0.480279875
0.0014336,0.45223228,0.464435083,0.462919167,0.469087381,0.474778674,0.471595256,0.451144263,0.456966425,0.462257921,0.461501478,0.467723438
0.0014848,0.444604429,0.456482455,0.45388464,0.460625736,0.467911966,0.463935509,0.442940873,0.447549449,0.455626122,0.460946137,0.463919803
0.001536,0.437194895,0.453359003,0.451856906,0.455947726,0.463420586,0.462818588,0.437551514,0.444257229,0.448650008,0.451590056,0.458674599
0.0015872,0.433960831,0.440753862,0.44309678,0.450240011,0.456508278,0.456903304,0.423526134,0.427081605,0.433801172,0.4371053,0.443265566
0.0016384,0.423622807,0.435314789,0.435243055,0.438656905,0.443753638,0.441806996,0.412898604,0.414959599,0.422887717,0.430649386,0.436258528
0.0016896,0.422035011,0.433079845,0.432399701,0.437904313,0.444454179,0.443060106,0.404701547,0.410272566,0.417235727,0.419835509,0.424562621
0.0017408,0.411542951,0.420080132,0.419592849,0.425713923,0.432157214,0.430941116,0.410836386,0.415185606,0.421567289,0.422772386,0.425096987
0.001792,0.406883936,0.417462609,0.416017403,0.419812695,0.422989298,0.426000188,0.396742562,0.404642008,0.413555795,0.417241301,0.423312145
0.0018432,0.40546394,0.40941142,0.403905013,0.409147237,0.420769063,0.420768688,0.393422543,0.401455242,0.405457842,0.408098169,0.412924773
0.0018944,0.391615521,0.410023816,0.408066717,0.410154207,0.415161729,0.414462132,0.389996334,0.3939039,0.397830522,0.403407884,0.404724402
0.0019456,0.387063153,0.397430278,0.396922684,0.404453142,0.410565039,0.409345659,0.378491494,0.378620825,0.386217899,0.386664961,0.390054189
0.0019968,0.38450893,0.392871798,0.391731117,0.398728552,0.405061601,0.402459564,0.377375029,0.382396646,0.389003134,0.393076018,0.397290937
0.002048,0.370725997,0.386857398,0.387932666,0.392556341,0.393746291,0.389884174,0.367138348,0.377351105,0.386654125,0.390679188,0.391722446
0.0021504,0.370436384,0.369247928,0.371565029,0.377263899,0.381388056,0.380541225,0.354157904,0.358816559,0.366185143,0.369902745,0.374246154
0.0022528,0.353676255,0.366676278,0.367708129,0.373533092,0.375998399,0.376366634,0.357866563,0.358889978,0.366747995,0.367428098,0.369519794
0.0023552,0.341575369,0.353401636,0.354646255,0.364150692,0.373281051,0.370251558,0.34741363,0.347498194,0.354551644,0.356162502,0.360839381
0.0024576,0.337812939,0.345859059,0.345362614,0.351153813,0.359667966,0.358968753,0.339354659,0.345079207,0.3510882,0.352616802,0.35779178
0.00256,0.32775144,0.344645584,0.344371543,0.347367718,0.35432167,0.353404596,0.326208033,0.33483179,0.348638713,0.351956325,0.359046243
0.0026624,0.319456545,0.329197699,0.330428776,0.334007539,0.340526334,0.336603383,0.316690282,0.322162363,0.328472496,0.333661703,0.338123999
0.0027648,0.31700189,0.322738132,0.324804847,0.327827776,0.334288682,0.331932948,0.308704318,0.314701715,0.322403371,0.325310254,0.327068477
0.0028672,0.307615263,0.315005648,0.316466361,0.32012918,0.327743982,0.327020086,0.306586609,0.310472205,0.315189599,0.317342851,0.321741536
0.0029696,0.298098969,0.307065659,0.311430457,0.315380814,0.320229874,0.319461997,0.296664085,0.303922507,0.307883306,0.31092494,0.315659589
0.003072,0.29362627,0.292989957,0.295414734,0.300118304,0.308112946,0.311648914,0.291412668,0.295307945,0.301731741,0.300661293,0.306610173
0.0031744,0.287879987,0.291087117,0.293897258,0.29890194,0.305971823,0.306439584,0.287895529,0.291264996,0.297013369,0.297149364,0.301853543
0.0032768,0.28469026,0.283917293,0.287821304,0.292905175,0.297310968,0.298050745,0.278960872,0.282894178,0.285553256,0.285462225,0.28859945
0.0033792,0.271803378,0.2760063,0.279184851,0.28475998,0.292113719,0.293652245,0.278220908,0.281360802,0.285872803,0.285909814,0.288963577
0.0034816,0.270173607,0.275101285,0.27642523,0.280037741,0.284768845,0.287460143,0.26777154,0.274652123,0.281429954,0.284452662,0.290007329
0.003584,0.262697054,0.272548935,0.271445185,0.276145938,0.285119732,0.285304674,0.266835253,0.269728316,0.271132252,0.271452979,0.272520139
0.0036864,0.264902239,0.260661011,0.259976602,0.264745226,0.272139214,0.275429677,0.259157226,0.266992876,0.267703872,0.268141621,0.274938479
0.0037888,0.25464727,0.260616801,0.26181181,0.264095697,0.270854004,0.273730587,0.257870597,0.262873036,0.265872059,0.270551419,0.276324992
0.0038912,0.249320821,0.260995029,0.261699596,0.266366961,0.26977724,0.270863186,0.244573279,0.252074932,0.25619916,0.258439741,0.263626741
0.0039936,0.245536163,0.25290103,0.255858357,0.259667986,0.259361511,0.260289963,0.24444713,0.250211938,0.243188314,0.245304935,0.251532631
0.004096,0.238456679,0.248657287,0.247108043,0.250696579,0.251808254,0.253898716,0.241936691,0.252141661,0.252337082,0.250592493,0.252647472
0.0043008,0.23307417,0.238195467,0.237816998,0.244735333,0.248006821,0.248703387,0.235011994,0.238584017,0.23701081,0.238725169,0.240468828
0.0045056,0.224758449,0.231510734,0.231858934,0.238293765,0.241348534,0.243004995,0.227640583,0.230706696,0.230044575,0.23231715,0.23705576
0.0047104,0.22163106,0.222704618,0.221450901,0.225378972,0.227577223,0.229395067,0.21511665,0.220520808,0.220518327,0.223331084,0.224420295
0.0049152,0.213582492,0.215463843,0.21476055,0.218941285,0.222107727,0.224680075,0.210204634,0.212783027,0.212521459,0.214259503,0.214610539
0.00512,0.205009301,0.208338644,0.209402975,0.213767776,0.216308082,0.217413607,0.204975348,0.208795777,0.206943253,0.205383302,0.205313342
0.0053248,0.198638317,0.202962602,0.204612737,0.207829278,0.209856348,0.2094615,0.201986019,0.204814279,0.20627636,0.203514426,0.205608194
0.0055296,0.19915167,0.199002866,0.199123603,0.200842732,0.203295764,0.201827958,0.190395558,0.19285552,0.19285069,0.194565955,0.197704245
0.0057344,0.18820316,0.19441892,0.192540311,0.194148337,0.196127314,0.197059141,0.185202511,0.18656289,0.187114794,0.189764974,0.190140168
0.0059392,0.178216091,0.185701267,0.183319074,0.185209326,0.191006742,0.192916601,0.178367639,0.181820747,0.181236501,0.180846638,0.181528769
0.006144,0.174753257,0.181148873,0.178422407,0.182288338,0.18697726,0.188478491,0.177528396,0.17451726,0.1751906,0.174150856,0.176738412
0.0063488,0.173771721,0.178177118,0.177541008,0.184524374,0.187712883,0.189430139,0.172029729,0.169027378,0.1676532,0.166958159,0.169076593
0.0065536,0.170218997,0.170059934,0.17050073,0.175917939,0.179188543,0.179981896,0.163618674,0.166338518,0.163577183,0.163026596,0.162719481
0.0067584,0.166451775,0.168032294,0.166754776,0.172339404,0.173629925,0.175015393,0.16355458,0.165605334,0.162098373,0.163399514,0.166897169
0.0069632,0.166756925,0.164550532,0.164611399,0.169498008,0.16929106,0.170288303,0.151773217,0.152122492,0.151530849,0.153218205,0.156178488
0.007168,0.15783483,0.156189013,0.158470768,0.164595545,0.16421526,0.162642906,0.146619713,0.14918799,0.148291677,0.152408355,0.153909474
0.0073728,0.159944536,0.156486902,0.15474366,0.163393959,0.161786262,0.161224119,0.150326977,0.151563894,0.150288972,0.151549321,0.154456388
0.0075776,0.153770089,0.154890946,0.152413044,0.157649957,0.156937419,0.15865375,0.148694548,0.149507502,0.148654389,0.148919361,0.152932293
0.0077824,0.146879244,0.151038471,0.15079431,0.159406422,0.159886982,0.15993063,0.142033029,0.141845915,0.14179295,0.141055075,0.14269228
0.0079872,0.144249968,0.146017861,0.149225402,0.156299742,0.159280744,0.160228122,0.136905402,0.136252063,0.134540168,0.135805194,0.139461331
0.008192,0.141907169,0.143164245,0.144751083,0.150970282,0.15463897,0.15365597,0.13353536,0.131539968,0.129621844,0.130522315,0.135116959
0.0086016,0.13534667,0.13645629,0.137113833,0.142357757,0.144545813,0.145435618,0.128145321,0.130866995,0.12796004,0.131660168,0.133575943
0.0090112,0.129857651,0.128575833,0.129569141,0.132119594,0.134370342,0.135561895,0.121760057,0.122263193,0.119057349,0.119889934,0.12387144
0.0094208,0.127190404,0.125719603,0.12733275,0.127147147,0.1285927,0.12929385,0.115922244,0.114690217,0.11560266,0.118040313,0.119300647
0.0098304,0.120102109,0.116966166,0.118909193,0.12106206,0.122300496,0.122681265,0.115104586,0.117412677,0.117781357,0.119651046,0.121679181
0.01024,0.117906942,0.115241497,0.116190526,0.118491,0.116424995,0.116696895,0.105645098,0.107614621,0.109649254,0.107892496,0.112868817
0.0106496,0.113884644,0.108703959,0.11048022,0.111017748,0.108630539,0.112519492,0.102003771,0.103378131,0.103509191,0.101152009,0.108087242
0.0110592,0.108096885,0.107969172,0.109507392,0.10999274,0.111922169,0.113341221,0.105720796,0.105179593,0.103219736,0.099221679,0.102074523
0.0114688,0.10512055,0.104867793,0.108145874,0.110683474,0.112410422,0.112903774,0.097413035,0.101194261,0.101307559,0.099281145,0.106590493
0.0118784,0.102961206,0.103682822,0.103008309,0.103214333,0.104792846,0.105566389,0.093766016,0.095450823,0.098454299,0.096194149,0.103791815
0.012288,0.09608108,0.098531953,0.100219939,0.099662388,0.100933174,0.103188753,0.084292157,0.088326696,0.090936987,0.091357861,0.094980537
0.0126976,0.094377619,0.095012853,0.095989195,0.094333612,0.093784204,0.095817406,0.085852855,0.085436606,0.086982248,0.087024954,0.090451697
0.0131072,0.092939352,0.09129828,0.091196334,0.088658773,0.086895908,0.086868592,0.085046876,0.084099612,0.083778302,0.084031595,0.086055275
0.0135168,0.089469189,0.08690746,0.088932913,0.086625124,0.085751753,0.085551654,0.088456616,0.087471405,0.087718729,0.084435448,0.084784815
0.0139264,0.083564623,0.083790187,0.085274262,0.081761413,0.082338241,0.082425215,0.083681773,0.08366748,0.08117015,0.079727547,0.078038516
0.014336,0.084065791,0.081567596,0.082648129,0.080413543,0.081315835,0.082536043,0.084019017,0.082399572,0.08225584,0.079424677,0.079750936
0.0147456,0.080462749,0.081143272,0.082857269,0.078844141,0.078994518,0.079528677,0.081685662,0.080603018,0.080334316,0.077358218,0.078447153
0.0151552,0.076244623,0.076221208,0.077986818,0.074798938,0.073450406,0.075499026,0.080710135,0.081150476,0.080838273,0.078032761,0.079360183
0.0155648,0.074222135,0.073979257,0.076077562,0.075467924,0.072994105,0.072955497,0.079665747,0.078078378,0.079699726,0.077867957,0.078828737
0.0159744,0.068656026,0.072641394,0.07427123,0.070380895,0.066261371,0.068959938,0.077852185,0.077512371,0.080091331,0.077463883,0.078792655
0.016384,0.0666229,0.069378272,0.072181112,0.069392799,0.067786711,0.068296046,0.07096541,0.072018689,0.075278958,0.074442304,0.074448972
0.0172032,0.063157239,0.070647315,0.071773825,0.071521768,0.06962539,0.068820198,0.072575626,0.071476568,0.075187725,0.072718903,0.069629539
0.0180224,0.057941193,0.065833254,0.066408799,0.067218824,0.064944718,0.068490772,0.067659237,0.066262083,0.066711591,0.062489603,0.061291017
0.0188416,0.056864348,0.062454141,0.062628573,0.063308241,0.061063436,0.063213339,0.061646291,0.061700683,0.063766073,0.061802266,0.061471062
0.0196608,0.055277278,0.05917696,0.060436265,0.061253832,0.060844086,0.06125939,0.057853934,0.059667898,0.060884798,0.058895951,0.058460624
0.02048,0.050584654,0.058125911,0.058041172,0.058171363,0.054459158,0.054260547,0.057398406,0.058916683,0.05981342,0.055418361,0.053522418
0.0212992,0.049769154,0.053239933,0.053174372,0.053750206,0.051563508,0.053736413,0.056282292,0.057360271,0.057904777,0.053271191,0.05370777
0.0221184,0.04572975,0.055470458,0.055456712,0.053680118,0.048778368,0.050090064,0.05492643,0.056563956,0.056405177,0.051719206,0.049485612
0.0229376,0.048793768,0.052261793,0.05278612,0.049773433,0.045612466,0.046818382,0.050847738,0.051807425,0.050360079,0.047833352,0.047444844
0.0237568,0.046686289,0.046988268,0.047919527,0.047814857,0.044843554,0.045664046,0.047451973,0.049121549,0.049851717,0.045156735,0.045905887
0.024576,0.047662297,0.044433826,0.046370637,0.046585897,0.042840258,0.043446616,0.049166143,0.048508574,0.047894985,0.043573323,0.043272945
0.0253952,0.044897174,0.042482935,0.042582583,0.041239962,0.040774278,0.040832782,0.048695139,0.048736629,0.047514151,0.045575832,0.042709371
0.0262144,0.042391649,0.04435306,0.045044911,0.04422595,0.042333041,0.041422008,0.045907074,0.044184876,0.040751157,0.039617958,0.040175084
0.0270336,0.041159716,0.04415159,0.045439662,0.042615568,0.043083209,0.043164762,0.036475646,0.038460548,0.035911831,0.034322262,0.036948586
0.0278528,0.041581137,0.043986877,0.044145377,0.040399256,0.040743393,0.042842005,0.035837716,0.036226208,0.035469158,0.0338718,0.0335775
0.028672,0.043094559,0.039793341,0.037810492,0.037981394,0.037712331,0.040608055,0.037776537,0.037832025,0.038707393,0.035824429,0.032060277
0.0294912,0.039590279,0.037273237,0.0374916,0.038495491,0.040993568,0.043486906,0.0324636,0.033320564,0.033426828,0.031470251,0.029573174
0.0303104,0.040749111,0.040136234,0.040840259,0.042043986,0.044370318,0.047812892,0.035875358,0.033815086,0.032583291,0.03269259,0.029935705
0.0311296,0.040006997,0.03490263,0.036648331,0.036802359,0.036773954,0.041178305,0.036681547,0.034227581,0.034475167,0.034280101,0.032418625
0.0319488,0.038131046,0.034213564,0.037737039,0.038461424,0.041153741,0.044203161,0.035889811,0.032756961,0.034569118,0.032991866,0.028502563
0.032768,0.037957879,0.034373206,0.038708979,0.037828651,0.037905522,0.042929691,0.031253048,0.027991386,0.030058004,0.029469348,0.024772615
0.0344064,0.034889365,0.032685938,0.036126927,0.034221833,0.035297222,0.03838856,0.029648104,0.025871858,0.028457776,0.030117308,0.028888661
0.0360448,0.032794706,0.030712266,0.034531694,0.030807632,0.032542844,0.034304426,0.029439655,0.027566137,0.027801236,0.028929447,0.027936235
0.0376832,0.033436538,0.030838391,0.032488256,0.02909589,0.031454996,0.034951042,0.030918905,0.030455854,0.02999281,0.029004485,0.026605872
0.0393216,0.030226852,0.031365673,0.033630926,0.030424821,0.031372687,0.034692538,0.030886502,0.030308196,0.028978024,0.027824068,0.027013176
0.04096,0.02889173,0.029595345,0.031197312,0.028015363,0.030564525,0.033242321,0.024538923,0.025137539,0.025504776,0.023984507,0.025607851
0.0425984,0.023824108,0.028632471,0.031093541,0.029463377,0.030234459,0.032286652,0.023992624,0.027469832,0.028620768,0.025860999,0.026032131
0.0442368,0.023092528,0.025307981,0.027852861,0.028665047,0.028842708,0.028837527,0.021688145,0.024179554,0.023842627,0.024217446,0.026046272
0.0458752,0.020603801,0.022878017,0.026741184,0.026695096,0.026345792,0.027380729,0.021606262,0.022255991,0.023540337,0.024872557,0.024184192
0.0475136,0.017785093,0.023567268,0.027846977,0.029424335,0.028881145,0.029182784,0.020988133,0.021443073,0.022505842,0.021614192,0.020830649
0.049152,0.016049277,0.024360783,0.025963377,0.026918536,0.025556441,0.026183216,0.019728709,0.02184608,0.024237241,0.025500409,0.025978534
0.0507904,0.020539632,0.025534029,0.024791947,0.02471718,0.021568873,0.021328827,0.018603494,0.019975889,0.022497853,0.024149713,0.025149442
0.0524288,0.019989798,0.022268311,0.019104133,0.019611437,0.015954109,0.014489107,0.018083986,0.018680094,0.019794036,0.020684094,0.021178988
0.0540672,0.018882414,0.020982754,0.023047896,0.02542954,0.023945299,0.022560501,0.016199762,0.01787044,0.02020646,0.020733425,0.021459549
0.0557056,0.01638427,0.019930162,0.021030272,0.021232228,0.01750873,0.017871608,0.012080004,0.017064273,0.017934547,0.016839117,0.01733569
0.057344,0.018494564,0.020169301,0.018725934,0.018696871,0.016648004,0.019780901,0.011447951,0.013938303,0.014886065,0.014353793,0.017695302
0.0589824,0.016875714,0.0196433,0.015294588,0.01785828,0.015161774,0.020429383,0.00872829,0.011145705,0.013049249,0.013570218,0.016529989
0.0606208,0.014145925,0.017112923,0.012711683,0.013643471,0.010878649,0.015187848,0.010993338,0.014476767,0.013416796,0.013828386,0.016048271
0.0622592,0.016155993,0.019805814,0.016950728,0.016683646,0.014602676,0.018242697,0.01239802,0.013991645,0.013226729,0.014756467,0.015559726
0.0638976,0.013293688,0.01652989,0.011485837,0.010834177,0.010247264,0.013472729,0.013139656,0.015792347,0.014216309,0.014409241,0.012757838
0.065536,0.01383332,0.015427905,0.010815061,0.009711041,0.007258978,0.010841801,0.010108214,0.014465793,0.013406246,0.01402163,0.013459489
0.0688128,0.011519528,0.013558748,0.012398751,0.011650014,0.010257785,0.01307111,0.015850713,0.020663106,0.020449534,0.021328307,0.020980914
0.0720896,0.008732791,0.011926559,0.012539794,0.015207021,0.013436208,0.01326957,0.01714293,0.01932308,0.018246213,0.01937534,0.020123107
0.0753664,0.010292808,0.009745714,0.012301571,0.015283707,0.014731447,0.011500812,0.010103022,0.013722355,0.014685844,0.014852512,0.015016155
0.0786432,0.011119202,0.012929864,0.013962031,0.016666684,0.016562761,0.013606299,0.008799712,0.011738784,0.011286639,0.010960751,0.00836547
0.08192,0.009873401,0.003568538,0.006651944,0.008827604,0.011048632,0.010239459,0.010903671,0.013503527,0.013564833,0.011254094,0.010352431
0.0851968,0.011400822,0.004384508,0.0053173,0.007133297,0.010181384,0.010256789,0.009899459,0.017377894,0.016782161,0.016993599,0.015642477
0.0884736,0.010518736,0.003505667,0.003159557,0.005809529,0.005604076,0.00605904,0.010023509,0.013334173,0.014445629,0.015026276,0.014401457
0.0917504,0.011257764,0.004649493,0.003284477,0.006105545,0.005946979,0.003400142,0.01568327,0.018570523,0.016683222,0.016012167,0.016769485
0.0950272,0.010297794,0.010654111,0.006071376,0.006054094,0.004948855,0.000729681,0.016677305,0.019109745,0.019183991,0.017383655,0.016854442
0.098304,0.017360601,0.01533871,0.010867869,0.01115867,0.009461279,0.006353857,0.011990598,0.01719411,0.018568251,0.016916755,0.018341111
0.1015808,0.006556578,0.014787485,0.011083981,0.011165152,0.009997477,0.006855508,0.00655817,0.013726845,0.014536065,0.012779536,0.013325147
0.1048576,0.004243181,0.012475455,0.010209982,0.010143258,0.010050826,0.004993761,0.005237032,0.009327951,0.010990752,0.012459558,0.012932158
0.1081344,0.004711466,0.010826743,0.010795043,0.010697703,0.00891661,0.007413661,0.002056742,0.003871285,0.005780981,0.005932636,0.00681942
0.1114112,0.004448781,0.009807497,0.011304328,0.011309742,0.010201019,0.008012194,0.006539698,0.005345946,0.00535267,0.006590292,0.004714482
0.114688,0.001837905,0.012803205,0.012249599,0.012995872,0.01156838,0.00849809,0.007547089,0.003720702,0.005891973,0.008320047,0.006226156
0.1179648,0.004194609,0.009275118,0.009809853,0.010889134,0.01281845,0.0095204,0.005981243,0.00575126,0.008265807,0.007834928,0.006065939
0.1212416,0.006507283,0.008202112,0.007455891,0.008366624,0.006288549,0.006238689,0.003148289,0.004133708,0.004403305,0.006868635,0.006186926
0.1245184,0.001525558,0.007156586,0.004857229,0.00372743,0.001259624,-0.001167388,0.005209969,0.004991318,0.003923292,0.006122242,0.002475364
0.1277952,-0.001284922,0.003558456,-0.000609323,-0.001379942,-0.000508249,-0.003158945,0.003982115,0.000395313,-0.004687255,-0.00361581,-0.008003463
0.131072,-2.55E-05,0.00360121,-0.00138585,-0.00216018,-0.001658783,-0.002117996,0.002418473,0.000285349,-0.002887493,0.000795602,-0.004882779
0.1376256,0.001499494,0.007850418,0.007237503,0.005988974,0.00520113,0.003441089,0.002085219,0.000233518,0.001056611,0.006455565,0.003970802
0.1441792,0.000298548,0.006941124,0.006200998,0.002764094,0.00339549,0.000667391,0.002326912,0.000403296,0.000222407,0.003809099,0.004264215
0.1507328,0.000358239,0.003068661,0.00383224,0.002293412,0.001673269,-0.000529451,0.000781137,0.00286918,0.006085179,0.008127716,0.007677981
0.1572864,0.005278855,0.003096785,0.001827946,0.001270763,-0.000876542,-0.003825683,-0.003791766,0.002280347,0.00487972,0.009598113,0.009891517
0.16384,0.006030796,0.003651021,0.003539134,0.005050441,0.001656298,0.000677848,0.004751235,0.00842005,0.010596503,0.010928254,0.012824751
0.1703936,0.005256962,0.003573208,0.004112383,0.005521305,0.00462553,0.003124828,0.002291825,0.006481849,0.006213979,0.005889255,0.008255298
0.1769472,0.003022816,0.000215899,-0.00026729,0.001940386,0.002171198,-0.000778367,0.002444225,0.004201648,0.003587762,0.004113257,0.004395965
0.1835008,0.005067499,-0.000637079,-0.000709998,-0.002243299,-0.000998934,-0.002585577,0.003646684,0.00386023,0.00210173,0.004902208,0.007271483
0.1900544,0.001095606,0.000490094,0.000644875,-0.000248155,-0.000387641,-0.003447307,0.000118204,0.003885915,0.002017226,0.004215341,0.007035453
0.196608,-0.000577772,-0.003834698,-0.003693618,-0.00140274,-0.000221116,0.000765385,0.002620661,0.005603625,0.005382678,0.008830198,0.009659696
0.2031616,0.001402489,-0.003567394,-0.00463967,-0.002182158,-0.001346795,-0.000387052,0.001620291,0.005025687,0.006489276,0.009759606,0.009958685
0.2097152,0.001447983,0.000588482,-0.000692728,0.003468204,0.004746613,0.003696594,0.001025723,0.005410826,0.006207888,0.008967933,0.008526346
0.2162688,0.000238422,0.002622481,0.000346433,0.002627016,0.003369816,0.00301295,-0.005562204,0.000208924,-0.000722803,0.003727757,0.004535641
0.2228224,0.002227474,0.004465935,0.002669124,0.005528439,0.005661788,0.008058513,0.000769628,0.007361271,0.009243172,0.013608602,0.011042659
0.229376,0.008529055,0.005562787,0.004444444,0.004048218,0.002212618,0.003511925,0.000937172,0.003149029,0.004943578,0.00875068,0.010301038
0.2359296,0.005331039,0.005506846,0.003506885,0.005969364,0.00484318,0.006110933,0.005506632,0.008023153,0.009920674,0.012188257,0.015206151
0.2424832,0.005957262,0.002180465,-0.000411418,0.001321587,-6.73E-05,-0.00023432,-0.002025388,0.003226306,0.004601383,0.005486945,0.00926528
0.2490368,0.004512022,-0.000330846,-0.001852186,-0.001041316,-6.87E-05,0.001453805,0.001521154,0.004189908,0.004985693,0.004395651,0.006191667
0.2555904,0.002808472,0.00187647,0.000751381,0.002464338,0.000536832,0.002067898,0.000596498,0.004070478,0.003978732,0.002889602,0.004919856
0.262144,0.00380458,0.003053866,0.000540698,0.002127587,0.001572218,0.002384928,0.001213481,0.003014178,2.87E-05,-0.001719261,0.003322659
0.2752512,-5.44E-05,0.001194663,0.000838676,-5.70E-06,-0.000344414,-0.001499609,0.000950124,0.001077923,-0.003177443,-0.004545707,0.00061913
0.2883584,-0.000817089,-0.000146935,-0.000558807,-0.001446899,-0.002456433,-0.002507307,-0.001022178,0.00061768,-0.004887389,-0.00515342,-0.001964408
0.3014656,-0.003664419,-0.002494731,0.000374618,-0.000457385,-0.000618934,-0.002056172,-0.000788392,0.003949155,0.000518231,-0.000177296,-0.000900888
0.3145728,-3.40E-05,-0.00544697,-0.001172544,0.000441911,0.000267947,-6.66E-05,-0.004009888,0.000139922,-0.001161787,-0.000949697,0.001219611
0.32768,0.004286236,0.000752428,0.002264589,0.003101199,0.003429025,0.001458115,-0.001096865,0.004489857,0.005344522,0.006086499,0.007456138
0.3407872,0.000605093,-0.001405425,0.000985063,0.001956375,0.000800966,-0.00155938,-0.001684865,0.003034458,0.002077194,0.002269487,0.00402731
0.3538944,0.000373886,-0.004303976,-0.002618516,-7.62E-05,0.002276841,0.004166772,0.001032623,-0.000986657,-0.000663924,-0.003043174,-0.001621637
0.3670016,0.003402866,-0.005358463,-0.003953226,-0.002521698,-0.000983981,0.000849085,-0.0006246,-0.000837314,0.000777857,0.003830667,0.005663056
0.3801088,-0.000242758,-0.002145502,-0.002096494,-0.001249933,-0.003095186,-0.004365174,-0.001138183,0.001903713,0.003956907,0.005290227,0.005297777
0.393216,-0.001644255,-0.001884766,-0.001286413,-0.002193095,-0.00374592,-0.003277057,6.61E-05,0.003757399,0.002304871,0.003597462,0.002927076
0.4063232,-0.001534578,0.000157174,-0.000748493,-0.001029226,-0.003414374,-0.004367041,-0.000971263,0.002583226,0.00473117,0.004495679,0.005186175
0.4194304,0.002605083,-0.000281279,-0.001825352,-0.000146797,-0.000526404,-0.002603905,0.004761712,0.006071102,0.006171375,0.003623042,0.003163208
0.4325376,-0.001918426,-0.002307824,-0.004418407,0.000330319,-0.000492791,0.002430865,0.002416218,0.001618169,0.000719462,0.000117551,0.001827937
0.4456448,-0.002449408,-0.001739258,-0.003035201,-0.001630169,-0.00382972,-0.002688074,5.96E-05,-0.001614302,-0.001066423,0.000580283,0.003832487
0.458752,-0.001966161,-0.003329007,-0.003657503,-0.002770162,-0.001901889,-0.000784453,0.002833249,0.00039199,0.001343055,0.001629071,0.000224054
0.4718592,-0.002069678,-0.000637336,0.000248277,0.001401428,0.002932017,0.001874611,0.000567353,0.000265761,0.000282597,0.002205014,-0.000373377
0.4849664,-0.002899984,-0.000608827,-0.001073368,0.001605718,0.00340655,0.003551382,-0.005091628,-0.006216045,-0.005641719,-0.002552339,-0.003262395
0.4980736,-0.000647062,-0.002994182,-8.81E-05,0.003221138,0.006196421,0.005838666,-0.00289697,-0.000875047,0.000841203,0.001378134,0.002587869
0.5111808,-0.009276365,-0.004842554,-0.002607642,-0.000661155,-0.000179534,0.001257599,-0.002668907,-0.001417373,-0.000407523,0.00254464,0.005185262
0.524288,-0.005373661,-0.003694963,-0.003632905,-0.004658239,-0.002193437,-0.002050837,-0.000770952,-0.00335674,-0.002362854,-0.000339645,-0.000539919
0.5505024,-0.001843752,-0.002462182,0.001009489,0.000237861,0.002478099,0.002304328,6.22E-05,7.73E-05,-0.000500786,-0.000833926,0.000678036
0.5767168,-0.003977364,0.000245852,-0.000108736,-0.000612227,0.000828556,-0.001861809,0.000445157,0.000604576,0.001446098,-0.001113228,-0.0005886
0.6029312,0.000635568,0.005016094,0.005045504,0.005942997,0.005240915,0.002400498,0.000680543,-0.001174039,0.000186339,0.000601586,0.001881596
0.6291456,-0.004010991,0.003086446,0.004185792,0.003842172,0.006219355,0.004074668,-0.000224927,-0.00067703,-0.000331212,-0.002311728,-0.001379494
0.65536,-0.000416186,0.005954106,0.005135133,0.007480649,0.010110401,0.008256077,-0.003972961,-0.002783563,-0.003217741,-0.00556683,-0.003730151
0.6815744,0.00302344,0.004971145,0.003354397,0.005817123,0.007433636,0.004668098,-0.001246183,0.000397457,0.000442864,-0.00040611,-5.42E-05
0.7077888,0.00334446,0.004391905,0.00299914,0.003807154,0.006263553,0.005485325,0.00034231,-0.00034256,-0.001462617,-0.002584386,-0.004051744
0.7340032,-0.002633627,-0.000411289,-0.001129541,-0.003465886,-0.001568536,-0.000499129,0.004598983,0.004838843,0.003265841,0.004366485,0.004701497
0.7602176,-0.001644218,0.001694974,0.002188164,0.004556081,0.005483891,0.003855171,0.006261551,0.003633997,0.002777245,0.002552855,0.000292038
0.786432,-0.005826592,0.002572914,0.002943579,0.004087176,0.00357133,0.001820773,0.00390822,0.001808296,0.001915604,0.003001778,0.004349883
0.8126464,-0.001380762,0.000255068,0.00035422,0.000672074,0.000925643,-0.000339692,-0.001555757,-0.001524594,0.000320253,7.94E-05,0.000636048
0.8388608,0.001146146,0.006385732,0.005963687,0.005307029,0.004785434,0.001963633,0.003866767,0.002812099,0.003919673,0.003102521,0.001636649
0.8650752,-0.000795102,0.003373352,0.001214136,0.001041381,0.00484049,0.001975751,0.003837343,0.003655039,0.002469528,0.006180789,0.006521295
0.8912896,0.001220728,0.002364575,0.00214753,-0.000704635,0.001185493,-0.001413852,-0.001499953,-0.001233409,-0.001715923,-0.000791396,0.000541167
0.917504,0.000555271,0.000736993,0.001947135,-0.001256101,-2.77E-05,-0.000733196,-0.00427925,-0.003314596,-0.004643552,-0.005075445,-0.005351145
0.9437184,-0.001232515,0.000338989,0.000532269,0.000242252,0.002492052,0.005561451,-0.001696366,-0.000844791,-0.000958525,-0.00407693,-0.005204139
0.9699328,-0.001461248,-0.000681872,5.41E-05,-0.002999576,-0.003171747,-0.000444087,0.004575756,0.000560285,0.001290249,6.57E-05,-0.001392125
0.9961472,-0.002383274,-0.001604048,-0.002960196,-0.004539184,-0.002725841,-0.001922939,0.007170081,0.003826529,0.003190841,0.001731131,-0.00094027
1.0223616,-0.0023985,-0.003119046,-0.00212219,-0.001846821,0.000148643,-0.000487127,-0.000403153,0.000208721,0.001917589,0.00160038,-0.001235598
1.048576,-0.000823985,-0.002136262,-0.00075054,-0.00131045,-0.002907412,-0.002552305,0.002098641,1.96E-05,-0.000975465,-0.002454099,-0.004694563
1.1010048,0.001287884,-0.000250557,0.001423658,0.001634623,-0.000654153,-0.00139367,6.81E-05,0.000688171,-0.001897184,-0.004656588,-0.003330443
1.1534336,-0.004227455,7.04E-05,0.001704631,0.002402368,-3.55E-05,-0.002797851,0.000672631,0.00302621,0.001778515,0.001432161,0.002758993
1.2058624,0.000961728,-0.002823434,-0.000221516,2.78E-05,0.001629768,0.000868819,0.002527608,0.001520172,0.002654251,0.003107697,0.003617653
1.2582912,-0.001188133,-0.001881055,-0.00070869,0.001239181,0.002120314,0.002080479,-0.0042906,-0.004651694,-0.004493368,-0.00154852,0.001375325
1.31072,0.001807477,-0.001172707,0.000276258,0.00056955,0.000733804,0.002641321,-0.000565381,-0.000141435,-0.002544689,-0.003292237,-0.002348862
1.3631488,-0.001343106,0.001085065,-0.000350255,0.000939649,0.00196121,0.0042074,0.00370772,0.002927225,0.0031903,0.000584087,-0.003576114
1.4155776,-0.010927287,-0.001598647,-0.002326891,3.22E-05,-0.000940068,-0.000192578,-0.000259492,0.001559301,0.001535907,0.001838104,-0.000426561
1.4680064,-0.004393224,-0.002526242,-0.000376445,0.00152215,0.002588852,0.00283531,0.000699375,0.000881976,0.001707603,0.000177009,0.000106789
1.5204352,-0.001261088,0.000147414,0.000217179,-1.39E-05,-0.000882249,-0.00172351,0.000496871,-0.000517922,-0.001933025,-0.005836229,-0.004191252
1.572864,-0.001951891,0.000536467,0.000474266,0.001290671,-0.000780579,-0.00196762,0.000903214,0.00107685,0.001296483,-0.000446336,-0.002550878
1.6252928,-0.002367422,-0.002164608,-0.000335361,-0.002039513,-0.00261311,-0.000453223,-0.002676982,-0.003422061,-0.000472245,-0.002896488,-0.005177791
1.6777216,-0.000685302,-0.002024766,-0.001389261,-0.001562994,-0.00250039,-0.002059666,-0.004720379,-0.005510988,-0.004202226,-0.003234192,-0.001566659
1.7301504,-0.000918117,-0.000249348,0.000425881,-0.001146718,-0.001098787,-0.002096623,-0.001348571,-0.002522942,-0.00276708,-0.000643842,-0.000786256
1.7825792,0.000382078,-0.001975581,0.001502581,0.000167254,-0.001515509,-0.001158712,0.002905339,0.001144247,0.002191704,0.001305151,0.002697393
1.835008,0.000398894,0.001248983,0.000764208,0.000113524,0.000194931,0.001981557,0.002197176,0.002439772,0.0062192,0.004168939,0.002838676
1.8874368,9.84E-05,-0.001977382,-0.001843716,0.000313194,-0.000152618,0.000769674,0.001776082,0.002646112,0.005271815,0.002552538,0.002473795
1.9398656,0.002945104,-0.001408496,-0.004379283,-0.004173458,-0.002840933,-0.00220846,0.001753263,-0.000683431,0.003396135,0.001188709,-0.001078362
1.9922944,0.000614799,-0.00153917,-0.000698569,-0.002730026,-0.002190341,-0.001613522,0.00129519,-0.00086095,-0.001889575,-0.002574857,-0.002604506
2.0447232,9.21E-05,0.000645329,0.001779695,0.000946702,0.000540523,0.000672591,-0.004742476,-0.005814329,-0.006734929,-0.006431097,-0.004500029
2.097152,0.001464563,0.003621314,0.004043091,0.0037632,0.005189195,0.003483386,-0.001582526,-0.004298215,-0.004475007,-0.004669634,-0.004222626
2.2020096,0.001868165,0.002597082,0.002946635,0.002588814,0.003135016,0.002808408,-0.000565714,-0.001126324,-0.002768203,-0.000831116,-0.002172641
2.3068672,-0.000193927,0.002891913,0.002502641,0.002152612,0.004241041,0.00229713,0.002208511,0.001545136,-0.001084002,0.000368803,0.000309448
2.4117248,0.002799481,-0.001925745,-0.002161408,-0.0016765,0.000657388,-0.000443989,0.000614672,0.003369295,0.005025302,0.006276271,0.006356346
2.5165824,0.001022544,-0.005828758,-0.006784783,-0.003365986,-0.003086679,-0.002986182,-0.001248694,-3.95E-05,-0.000724328,0.000997295,-0.000487204
2.62144,-0.000838373,-0.002048507,-0.001730552,-0.001204062,-0.001367175,-0.001596818,0.003287265,0.002935456,0.001539957,0.0005521,-0.001740536
2.7262976,0.001255169,0.001191117,-0.00131539,-0.002117506,-0.001707218,-0.002899106,0.001411879,0.002014169,0.000526629,0.00023214,-0.000565068
2.8311552,0.001846979,0.001070259,0.0002909,0.000306984,0.000280336,0.001119775,-0.000908816,-0.000789583,-0.001552854,-0.001197025,-0.003101033
2.9360128,0.003120879,0.000995514,0.002028682,0.000642543,0.000212034,-0.000203842,0.002034541,0.000498024,0.000413624,0.00223463,-0.00017801
3.0408704,-0.001102909,-0.001041836,-0.000943684,-0.002695081,-0.00222176,-0.000909447,0.000125923,0.001133048,0.001119306,-0.000127284,-0.000663424
3.145728,-0.001346086,-0.001121477,-0.000177918,0.001310129,0.000464284,0.000695287,-0.000978945,-0.00032826,-0.000595459,0.000607265,-0.000374415
3.2505856,-0.002481357,0.002521129,0.00248666,0.002479199,0.001908549,0.002670905,0.005232249,0.006359343,0.005533688,0.006802704,0.005737715
3.3554432,-0.002285479,0.003374885,0.002796297,0.002727845,0.002220822,0.002079865,0.006764429,0.004568896,0.003882805,0.003942367,0.00195539
3.4603008,-0.000423179,0.00035812,0.000616726,0.001658523,0.002181034,0.00184308,0.002048438,0.000580977,0.000484723,-0.001361066,-0.002439486
3.5651584,-0.000603652,0.001678811,0.001560537,0.002257548,0.003315886,0.00330601,0.004719038,0.004388453,0.00337679,0.004105051,0.002527169
3.670016,-0.001929577,-0.00048022,-0.000828091,0.00098555,0.001644459,0.001322103,0.002543699,0.002065767,0.000752782,0.001152833,-0.000459226
3.7748736,0.000130515,-0.002625912,-0.002911381,-0.002016547,-0.002833215,-0.003747719,-0.003914789,-0.00543964,-0.004550251,-0.002964154,-0.002051122
3.8797312,0.002036384,0.000208365,0.000311916,-0.000403602,-0.001472167,-0.002235686,-0.002097515,-0.002903774,-0.001301982,-0.000575182,-0.000443347
3.9845888,0.003232342,0.001407525,0.000629745,-0.000515681,-0.000233081,0.000186971,-0.001275486,0.000280118,0.001116708,0.002562012,0.002917407
4.0894464,0.000308463,0.000206098,-0.000591788,-0.000449801,-0.000127976,0.001296074,-0.002838289,-0.003100971,-0.004631264,-0.003287286,-0.003125331
4.194304,-0.003147229,-0.002373587,-0.0008056,-0.000453168,0.00042886,0.00243199,0.001457906,-7.37E-05,-0.000631344,0.001716774,0.002518057
4.4040192,-0.000906163,0.001714549,0.002264089,0.001510805,0.002546758,0.002579871,-7.40E-05,-0.00065459,0.000740522,0.000866644,0.002984865
4.6137344,0.004851196,-0.000123482,0.000193995,0.001192374,0.00140844,0.00248556,0.001861464,0.00052123,0.000489651,0.002099332,0.001679198
4.8234496,0.000829833,-0.00061487,0.000691332,0.001393939,0.001889862,0.001103296,0.001994049,0.000631084,-0.000290717,0.00017571,0.000491814
5.0331648,-0.000705742,-0.003011535,-0.002684715,-0.002555843,-0.003617887,-0.003383794,-0.000627873,0.000196273,-5.64E-05,-0.000816592,-0.001384889
5.24288,-0.001427762,-8.66E-05,0.000955904,-0.000197646,-0.001971314,-0.001858316,-0.000701037,-0.001237568,-0.002432028,-0.002260919,-0.002350963
5.4525952,0.000192639,-0.000571491,-0.000995358,-0.001321282,-0.000989613,-0.001516411,-0.004715471,-0.00308729,-0.002754951,-0.001610385,-0.000184717
5.6623104,0.001350249,0.000372844,-0.000883939,-0.000309232,-0.001337453,-0.001479886,-0.002619024,-0.002223139,-0.002660725,-0.000756707,0.000553117
5.8720256,-0.000429427,0.00237509,0.002470668,0.002493026,0.000975163,0.00087367,-0.000209944,-0.000750053,-0.001176876,-0.001323624,-0.000671762
6.0817408,-0.00112198,0.000540996,0.000899617,-0.000263894,-0.00239273,0.000317477,-0.000569393,-0.002325243,-0.002931877,-0.001695267,-0.002021842
6.291456,-0.001686938,-0.00220015,-0.001472582,-0.002641752,-0.002628002,-0.000707578,-0.001474851,-0.002174454,-0.003799211,-0.001538139,-0.001409004
6.5011712,0.000696515,-0.001412401,-0.001485029,-0.002066054,-0.00085863,-0.000340714,-0.001140379,-0.000577745,-0.001346752,-0.002091035,-0.001764644
6.7108864,0.003466069,0.000470862,0.000734502,-0.000137606,7.02E-05,0.000346973,-0.000970156,-0.001985005,-0.001856836,-0.002834079,-0.001325555
6.9206016,-0.001087559,-0.000735056,-0.000550902,-0.000137462,0.000540973,0.002566354,0.000622358,0.00030366,0.000757196,0.001079972,-0.000249298
7.1303168,0.001356587,-0.004539015,-0.006110596,-0.006023647,-0.004640097,-0.003444966,0.000471115,-0.000297265,-0.000884073,-0.001082844,0.00031364
7.340032,-0.000750683,-0.000153771,-0.001594323,-0.001363337,-0.00089663,-0.000738762,-0.002507273,-4.19E-05,-0.000640999,-0.000825547,0.000269255
7.5497472,-0.00157734,-0.000554276,-0.000404967,-6.51E-05,-0.001014581,-0.0019705,-0.001090626,0.000493195,0.001757254,0.002211249,0.000855675
7.7594624,-0.002781146,0.001344063,0.000815367,4.86E-06,-0.001967869,-0.002279989,-0.002058071,-0.001133128,-0.002882523,-0.002536657,-0.002577152
7.9691776,-0.001829836,0.001419783,0.000989774,-0.000407423,-0.000341414,-0.001430449,-0.003088296,-0.00112461,0.000295893,0.001270591,0.00054324
8.1788928,-7.01E-05,0.002404412,0.001334409,0.001181941,4.58E-05,9.11E-05,-0.000562203,0.000116293,0.001625321,0.001743098,0.001580606
8.388608,-0.000298052,-0.001323871,-0.00329842,-0.002221583,-0.003256719,-0.003096903,-2.00E-05,-0.000444738,0.000665384,0.000505297,0.00045124
