t,GDP_EEA1,GDP_EEA1_1uM_Rab5GDP,GDP_EEA1_2uM_Rab5GDP,GDP_EEA1_10uM_Rab5GDP,GST_EEA1,GST_EEA1_2uMGST
2.00E-07,0.91625968,0.959207933,1.006602172,1.041667212,1.031728227,1.017329871
4.00E-07,1.016633711,1.0194197,1.070076191,1.032356592,1.021769036,1.054456693
6.00E-07,0.947105466,0.986197561,1.058013525,0.960097703,1.039939745,1.015539463
8.00E-07,0.918024003,0.9766132,1.02643829,0.999097307,0.964104942,0.98420355
1.00E-06,0.972232038,1.045769657,1.015169592,1.110105283,1.05677537,1.028797424
1.20E-06,1.010277269,0.913610371,0.971478198,1.041189917,1.059002122,1.023268551
1.40E-06,1.015972414,1.046434085,1.088338777,0.984163109,1.054716115,1.003066855
1.60E-06,0.988814571,1.008370099,0.945245132,0.98638827,0.977887304,0.96927465
1.80E-06,1.007265583,1.007338766,1.025737349,0.988317725,1.000899719,0.987894934
2.00E-06,0.924154697,1.027840636,0.906149664,0.903131813,0.98808019,0.941188602
2.20E-06,1.061279567,1.029447737,1.028020363,1.029061593,0.927012153,1.01122078
2.40E-06,1.002423601,0.894128034,1.054776059,1.033823198,1.034020191,1.032265838
2.60E-06,0.973255782,0.997802274,0.91863412,1.011205972,0.992093983,0.96782463
2.80E-06,1.017127431,1.013023587,0.997006879,0.896711849,0.966802685,1.055363994
3.00E-06,0.997565586,0.979018025,0.923975686,0.94443195,1.031085225,0.983835832
3.20E-06,1.012439932,1.020645924,0.992260795,0.897261229,1.045408088,1.044420946
3.40E-06,1.038293086,0.950701124,0.966529655,0.951823675,0.991155994,1.005351897
3.60E-06,1.016616917,0.972639811,1.019519385,0.982826684,0.983202641,1.032628678
3.80E-06,0.988693425,0.949020587,0.956005658,0.986746942,0.988640798,0.947225068
4.00E-06,0.99344122,0.922915931,1.045865993,0.996871951,1.023569965,0.913014446
4.20E-06,1.004018581,0.987971006,0.964111815,1.043210089,0.968682488,0.918530447
4.40E-06,0.974379714,0.94145747,0.992957562,0.969793553,1.010073693,0.983139297
4.60E-06,0.922618213,1.041602645,0.97644833,0.947427734,0.983099205,0.953542044
4.80E-06,0.951350939,0.982908638,1.016073409,1.01363269,0.988025386,1.07982127
5.00E-06,1.01388753,0.969496453,0.957162542,1.111464355,0.988198227,1.011028715
5.20E-06,0.865815498,0.924611092,1.012218156,1.011714423,0.957746917,0.976247891
5.40E-06,0.964489227,0.979219675,0.962208442,1.039948588,0.987915616,1.012930525
5.60E-06,0.998999521,0.968191815,0.968136296,0.976276188,0.998461187,1.035509074
5.80E-06,0.997200018,0.987245068,1.043601195,0.898157456,0.920775605,1.01297733
6.00E-06,0.962722569,1.049598093,1.015933544,0.947052536,1.018188058,0.968746056
6.20E-06,0.90190652,0.988360838,0.957916201,0.942060101,0.944505347,0.926467821
6.40E-06,0.922535747,0.961587108,0.832932377,1.016375084,0.957610533,0.963251907
6.60E-06,0.923003202,0.923878671,1.017998965,1.005704027,1.048034809,0.992892172
6.80E-06,0.966336709,1.020473727,0.952205202,1.07657495,0.959834927,0.992975389
7.00E-06,0.925586542,0.979171875,0.968600265,0.901814216,0.993921811,0.995716168
7.20E-06,1.009196139,0.989314739,1.008623929,1.038134067,0.998888592,0.975833613
7.40E-06,0.961204047,0.976671025,1.027044027,0.953184532,0.979105164,0.891327699
7.60E-06,1.059819571,1.002479099,1.042331373,0.870825616,1.019930466,1.026876037
7.80E-06,0.999443548,0.979964944,1.045089676,1.19484781,0.973860415,0.986603626
8.00E-06,0.984668119,1.047100742,1.066733173,1.025575756,0.869623712,1.002876883
8.40E-06,0.971142556,0.975605982,0.934873864,0.931418481,1.025399701,0.986980666
8.80E-06,0.9033129,0.972506904,0.975534384,0.960988641,0.995037989,1.001087671
9.20E-06,1.01224965,0.948020232,1.010433578,0.95795367,0.946430199,1.011015575
9.60E-06,0.932404252,0.879444867,1.044577532,0.902458961,0.968409476,0.94558063
1.00E-05,0.891817368,1.010042764,0.992984579,0.950549185,0.992878787,1.018070176
1.04E-05,0.977966561,0.985592399,1.020479794,0.999472893,0.944486497,0.964305102
1.08E-05,0.971657738,0.94844147,1.001360754,0.96441037,1.01322847,0.968550176
1.12E-05,0.997765226,0.925517331,0.977207656,0.978835615,0.936169321,1.036514872
1.16E-05,0.948281592,0.974929499,0.923653958,0.925899808,1.003510454,1.000054386
1.20E-05,0.958777519,0.944686433,0.985768488,1.009709103,0.968233285,0.999464555
1.24E-05,0.957339479,0.935224201,0.960773438,0.974258517,0.997840823,0.973024284
1.28E-05,0.899165727,1.011178012,1.032057048,0.967370712,1.014553004,0.99099644
1.32E-05,0.936349859,0.974468622,0.97744716,1.032369926,0.928398408,1.0061714
1.36E-05,0.981962498,0.942916353,0.900333144,0.993170793,0.959152215,0.97145563
1.40E-05,0.986579089,1.004721091,0.96605133,0.987042686,0.984178748,0.981383084
1.44E-05,0.933883276,1.012215641,1.028042227,0.876600123,0.975796464,0.931172393
1.48E-05,0.952018213,0.980619811,0.97753107,0.968502103,0.977841299,0.948685243
1.52E-05,0.967563759,1.008392178,1.014282897,1.010158825,0.973216009,1.034106527
1.56E-05,0.989494327,0.954797114,0.994477887,0.918297756,0.991799214,0.974604928
1.60E-05,0.922615014,0.962657305,1.00245096,0.91240808,0.93433842,0.970795204
1.68E-05,0.956771071,0.958652935,0.913517821,0.932229104,0.969962588,0.957713479
1.76E-05,0.984527399,0.961217319,0.938612838,0.987333576,0.982647015,0.980867727
1.84E-05,0.964798243,0.968917311,0.972805151,0.955460815,1.004568656,0.989214145
1.92E-05,0.981276002,0.945773695,0.954749667,0.953394296,0.984511158,0.976046494
2.00E-05,0.914870585,0.953675404,0.95747012,0.916931441,0.951567919,0.949324987
2.08E-05,1.010127267,0.953984454,0.931793136,0.942664547,0.994227583,0.960191065
2.16E-05,0.961209595,0.929640388,1.005335589,0.968027745,0.966706182,0.9848597
2.24E-05,0.964876775,0.973704941,0.940477915,0.974571062,0.960305985,0.944101349
2.32E-05,1.017354427,0.924905523,0.982754985,0.968103388,0.997818081,0.95769808
2.40E-05,0.955847092,0.969274349,0.929857685,0.933190093,0.968296022,0.987316622
2.48E-05,1.049672813,0.965584296,0.941379637,0.980869266,0.978093962,0.979108306
2.56E-05,0.951801991,0.966041035,0.986714385,0.934690335,0.959706354,0.983430774
2.64E-05,0.940217607,0.952734909,0.973113572,0.939079584,0.971347896,0.945319973
2.72E-05,0.9541029,0.958946774,0.924623208,0.949036936,0.979023763,0.943368227
2.80E-05,0.935732273,0.98764438,0.937921024,0.995020093,0.980642929,0.960460477
2.88E-05,0.954624817,0.930047598,0.917444531,0.912234263,0.975098289,0.966956263
2.96E-05,0.950081395,0.983635475,0.929488618,0.964786338,0.985804164,0.95941452
3.04E-05,0.916183543,0.990506212,0.930642433,0.875111884,0.946647836,0.928810785
3.12E-05,0.915743956,0.950035465,0.883095515,0.925980574,0.96332932,0.957285937
3.20E-05,0.954637758,0.964114537,0.990644794,0.944233599,0.993842239,0.972716032
3.36E-05,0.956411215,0.968918763,0.962031064,0.954946158,0.971813618,0.96595204
3.52E-05,0.916764088,0.93181274,0.939538073,0.925805313,0.93878393,0.952986875
3.68E-05,0.921166329,0.925735442,0.944151289,0.893303808,0.95621134,0.950100104
3.84E-05,0.93583137,0.916207937,0.949796567,0.920719504,0.95448186,0.941103643
4.00E-05,0.899523971,0.936845721,0.947703379,0.932733383,0.936827805,0.943122626
4.16E-05,0.945674458,0.915491013,0.948168492,0.939769023,0.934668479,0.949641921
4.32E-05,0.913081298,0.941125038,0.91108707,0.912054651,0.95456196,0.942981312
4.48E-05,0.933248619,0.925497707,0.923149805,0.915916133,0.951835589,0.936918072
4.64E-05,0.92841208,0.905114768,0.951116195,0.930485987,0.961537255,0.962865197
4.80E-05,0.947525391,0.942864602,0.93150277,0.959589961,0.933409233,0.953257061
4.96E-05,0.907378288,0.92162576,0.910438344,0.916394314,0.939093713,0.943864026
5.12E-05,0.904943461,0.902490348,0.921669143,0.902998992,0.901534279,0.918833264
5.28E-05,0.91899951,0.8864479,0.915799706,0.909934242,0.928822937,0.942861351
5.44E-05,0.938636433,0.921699358,0.940619283,0.905435193,0.943721239,0.918104615
5.60E-05,0.873284868,0.905734112,0.898143566,0.902433154,0.919330806,0.936942833
5.76E-05,0.95151102,0.913094612,0.910746249,0.894866231,0.928085697,0.926708711
5.92E-05,0.892540674,0.918091051,0.879799265,0.917032619,0.904445201,0.942606753
6.08E-05,0.927697016,0.90601087,0.917308498,0.885135115,0.952366694,0.937276677
6.24E-05,0.914835563,0.919081557,0.901811475,0.897970492,0.932673819,0.920346504
6.40E-05,0.887415444,0.932562113,0.916630693,0.876340258,0.918089462,0.938198832
6.72E-05,0.8992868,0.887639424,0.927582339,0.897941387,0.914725475,0.920643936
7.04E-05,0.907207166,0.899416108,0.905183343,0.892004167,0.905614886,0.92073284
7.36E-05,0.891406656,0.868690579,0.8837524,0.889028583,0.921566922,0.916628602
7.68E-05,0.89342491,0.878617089,0.885343585,0.868075324,0.917984845,0.900496165
8.00E-05,0.876022935,0.884049267,0.892734214,0.845504045,0.893433284,0.8959782
8.32E-05,0.876588183,0.888008134,0.900965671,0.882424734,0.904335395,0.902469321
8.64E-05,0.878054128,0.883245027,0.875844404,0.901886335,0.897187443,0.896999287
8.96E-05,0.874621465,0.863020639,0.873534765,0.84812984,0.888465355,0.891974624
9.28E-05,0.848256213,0.872572188,0.861650545,0.839543955,0.884493148,0.897425021
9.60E-05,0.884701469,0.853940441,0.872108278,0.886129407,0.889881531,0.89196067
9.92E-05,0.867128548,0.859282992,0.882266696,0.848864102,0.912894975,0.88936914
0.0001024,0.853917163,0.84554251,0.878631571,0.847317865,0.889736478,0.882509696
0.0001056,0.868605542,0.852820461,0.864510878,0.838555321,0.873955336,0.897983289
0.0001088,0.852259345,0.844669241,0.854760658,0.834519485,0.900353922,0.886438284
0.000112,0.870771307,0.866618437,0.848893928,0.837414468,0.895930783,0.882690841
0.0001152,0.815554814,0.845237668,0.848916503,0.84830432,0.869317778,0.877880275
0.0001184,0.853588633,0.820614333,0.872229091,0.836867308,0.882957125,0.867360776
0.0001216,0.831819968,0.869058838,0.838392208,0.844443314,0.863329361,0.877097111
0.0001248,0.879253506,0.839529779,0.841304858,0.846207099,0.880437855,0.882934496
0.000128,0.842010181,0.827650804,0.862633159,0.814768089,0.861808583,0.85778987
0.0001344,0.835068568,0.825115743,0.838819725,0.815278792,0.859910368,0.859392223
0.0001408,0.843835051,0.83450912,0.825440664,0.818304513,0.854612028,0.862140322
0.0001472,0.815505835,0.815261924,0.837188486,0.812692108,0.859583836,0.849997737
0.0001536,0.821923928,0.809648667,0.824888065,0.809620629,0.835915055,0.842296812
0.00016,0.821617078,0.813482412,0.806074462,0.807760538,0.835989559,0.844211129
0.0001664,0.814246028,0.807912029,0.815382288,0.802349597,0.863206642,0.833798852
0.0001728,0.808989435,0.812977017,0.811707703,0.801002669,0.837476927,0.830571445
0.0001792,0.797262056,0.808547291,0.800164677,0.797905081,0.83956283,0.835546418
0.0001856,0.779214951,0.808791292,0.802806042,0.788687729,0.836349694,0.817267702
0.000192,0.786854801,0.803054235,0.807939308,0.788808803,0.827117669,0.82444566
0.0001984,0.783608387,0.794356974,0.805767432,0.778354463,0.820439345,0.818865791
0.0002048,0.78552617,0.78490652,0.788346071,0.764329601,0.828488742,0.829170941
0.0002112,0.771087071,0.784863559,0.782122198,0.777496541,0.81304749,0.81576274
0.0002176,0.774786486,0.775676519,0.798346036,0.760920515,0.815511192,0.800077773
0.000224,0.770127592,0.775411256,0.788200178,0.770790146,0.810388173,0.80694794
0.0002304,0.779579307,0.777632241,0.78365003,0.753733217,0.802125239,0.821460717
0.0002368,0.776739117,0.79696392,0.771414286,0.774965327,0.79449818,0.799360158
0.0002432,0.784687842,0.776732941,0.763274859,0.753667376,0.797533282,0.795987623
0.0002496,0.752774726,0.765870271,0.777464231,0.757770281,0.795807637,0.783228197
0.000256,0.758198468,0.763962776,0.767654927,0.771532016,0.786694015,0.791217821
0.0002688,0.742283185,0.743155274,0.758472672,0.743600703,0.786318793,0.783661093
0.0002816,0.749717413,0.74856519,0.74790237,0.74131557,0.773446257,0.776873869
0.0002944,0.740434928,0.744072894,0.745379601,0.727439808,0.766725551,0.765582862
0.0003072,0.733443425,0.733357749,0.742210723,0.724645811,0.763960208,0.769331022
0.00032,0.718755013,0.727718067,0.738605069,0.708797343,0.749761917,0.759288418
0.0003328,0.72158618,0.706230834,0.723970634,0.713170963,0.747047932,0.753222433
0.0003456,0.722625317,0.713469896,0.721715815,0.704329129,0.749218095,0.743419645
0.0003584,0.704472335,0.716183751,0.710262295,0.692697496,0.738418018,0.734403733
0.0003712,0.704320294,0.700598352,0.711618921,0.69732402,0.736091287,0.734120475
0.000384,0.692436242,0.704588155,0.698586959,0.690616603,0.733245143,0.730050608
0.0003968,0.685558107,0.69319454,0.692231072,0.686004765,0.737250643,0.735588162
0.0004096,0.693965949,0.698809312,0.699850647,0.671990695,0.72004808,0.722749614
0.0004224,0.684774073,0.69156425,0.684239568,0.6754166,0.712451713,0.714300795
0.0004352,0.675489902,0.687104293,0.688371358,0.662564841,0.712166257,0.719178601
0.000448,0.666738082,0.675669725,0.68921404,0.651399341,0.704889194,0.705537352
0.0004608,0.669792595,0.678110822,0.663537453,0.655852479,0.700194521,0.697345959
0.0004736,0.663358815,0.672716438,0.667580533,0.646102797,0.693454225,0.695491401
0.0004864,0.648737637,0.662369797,0.663044902,0.642362493,0.697607167,0.691714147
0.0004992,0.63510177,0.660679225,0.658571645,0.647993262,0.692635114,0.68650426
0.000512,0.635140398,0.654313306,0.643234945,0.643841139,0.680647691,0.680287906
0.0005376,0.642888645,0.648104456,0.652724799,0.630232763,0.676394477,0.672638228
0.0005632,0.624337129,0.63158498,0.635211501,0.624439304,0.664459457,0.663354371
0.0005888,0.610411083,0.627829049,0.624292983,0.610655765,0.656924877,0.660751644
0.0006144,0.610965171,0.624119386,0.620902493,0.608366304,0.65008635,0.65200557
0.00064,0.595418324,0.612106673,0.609138893,0.596578336,0.646211189,0.6434557
0.0006656,0.593567534,0.605455832,0.603359586,0.591853834,0.634890411,0.630845259
0.0006912,0.582732314,0.600121904,0.592220764,0.594987529,0.631913984,0.628288389
0.0007168,0.582647767,0.592916569,0.589488217,0.573765559,0.616805862,0.622299216
0.0007424,0.575604883,0.577547472,0.582079187,0.560530387,0.607300838,0.613698821
0.000768,0.5646397,0.571004471,0.58182923,0.558093502,0.605292789,0.605915605
0.0007936,0.562471021,0.57070296,0.559063073,0.550470255,0.600067807,0.598921517
0.0008192,0.54375205,0.559506785,0.552997102,0.538351217,0.585522322,0.594738402
0.0008448,0.547043919,0.563644948,0.555939032,0.53786126,0.588906527,0.587051689
0.0008704,0.538569354,0.544659532,0.549445492,0.526582897,0.577253635,0.584823228
0.000896,0.537584862,0.549404268,0.544312028,0.525893466,0.568676408,0.581858397
0.0009216,0.525360689,0.543696675,0.531633272,0.513830999,0.562902787,0.571121013
0.0009472,0.522011988,0.53307495,0.523168374,0.519539007,0.560864845,0.557197428
0.0009728,0.515077855,0.518488894,0.528965539,0.508571493,0.546148034,0.555810387
0.0009984,0.506689201,0.522544007,0.519121605,0.49719504,0.540166561,0.5484018
0.001024,0.50422178,0.514847012,0.513576092,0.500730744,0.544152028,0.550537838
0.0010752,0.49257398,0.502252188,0.504583926,0.483569121,0.529796527,0.536500443
0.0011264,0.480489571,0.492230281,0.48950676,0.471148749,0.519621644,0.523541793
0.0011776,0.471399061,0.485442288,0.483578611,0.46828197,0.50493893,0.517391368
0.0012288,0.466173655,0.469441817,0.475606972,0.459693094,0.499081677,0.501944602
0.00128,0.447332212,0.466578578,0.467771592,0.445467506,0.482333072,0.4928517
0.0013312,0.439100678,0.454510285,0.460402737,0.441029018,0.470784919,0.484921676
0.0013824,0.429535935,0.445514029,0.441301037,0.425244641,0.469134365,0.477250289
0.0014336,0.427035965,0.436308315,0.437878128,0.421832311,0.460968732,0.468699317
0.0014848,0.424113519,0.430656077,0.432417508,0.412249591,0.455729141,0.462490299
0.001536,0.409566967,0.429265478,0.422762026,0.408244354,0.44136999,0.452831778
0.0015872,0.402830462,0.420088312,0.415605522,0.398789459,0.435028433,0.449292278
0.0016384,0.394341031,0.412605981,0.406145336,0.395193889,0.436999975,0.436651202
0.0016896,0.391879637,0.406723563,0.406723881,0.387082771,0.424472893,0.430827962
0.0017408,0.378665407,0.397987882,0.393297117,0.379439382,0.415360916,0.42164317
0.001792,0.372544435,0.389221873,0.390167206,0.373646473,0.412439195,0.417275287
0.0018432,0.367086901,0.384847886,0.381626791,0.369736917,0.405081572,0.408436932
0.0018944,0.365499804,0.37803751,0.374286095,0.363630427,0.402476873,0.405313715
0.0019456,0.358124789,0.372251304,0.370204941,0.352389613,0.392860885,0.396081467
0.0019968,0.348296663,0.368786166,0.361937772,0.34742386,0.390026449,0.396025381
0.002048,0.353430828,0.366856465,0.363305274,0.339915013,0.383554424,0.390307643
0.0021504,0.333602903,0.351135087,0.348297405,0.335526561,0.37059451,0.377514647
0.0022528,0.332304758,0.343982978,0.340555845,0.324089922,0.363668763,0.366133658
0.0023552,0.317796044,0.335935936,0.32740032,0.311994081,0.350994478,0.359474507
0.0024576,0.306101459,0.326799885,0.320925025,0.305776346,0.343161893,0.352453239
0.00256,0.297895896,0.317112679,0.313466006,0.297839697,0.334919068,0.339341151
0.0026624,0.292103516,0.309418415,0.304127314,0.289007847,0.325448064,0.331948013
0.0027648,0.284568104,0.300989149,0.297380177,0.279338542,0.319334703,0.324946467
0.0028672,0.27851153,0.289373551,0.290488234,0.275260979,0.311255752,0.316955146
0.0029696,0.269081398,0.287408742,0.286180472,0.266490829,0.300344754,0.311468475
0.003072,0.264526117,0.276804235,0.273702488,0.260286028,0.296751181,0.302434993
0.0031744,0.260739621,0.271753473,0.269882496,0.257472373,0.291897851,0.297802046
0.0032768,0.254511155,0.26667329,0.265060246,0.249751839,0.281544778,0.288523427
0.0033792,0.245790611,0.260828932,0.25727771,0.241193885,0.280309687,0.283497968
0.0034816,0.245447881,0.252025967,0.254479724,0.240866324,0.274988522,0.27704212
0.003584,0.237841322,0.250933081,0.25132835,0.236755915,0.262892229,0.269855982
0.0036864,0.227397616,0.249102716,0.248672445,0.225749799,0.262476562,0.264540675
0.0037888,0.229973452,0.241866773,0.245654783,0.22274948,0.258073613,0.263058703
0.0038912,0.223182466,0.234187624,0.239769163,0.213680473,0.252170773,0.257164833
0.0039936,0.222409831,0.228552816,0.232377134,0.216868303,0.245038903,0.251308249
0.004096,0.21832486,0.228837145,0.226173088,0.21107125,0.242659477,0.246557609
0.0043008,0.202561151,0.222182996,0.222682919,0.203591929,0.233145517,0.238452597
0.0045056,0.200339189,0.210652734,0.215284907,0.195115126,0.226945886,0.22966473
0.0047104,0.192046196,0.207428428,0.209273774,0.189800148,0.217295421,0.22128377
0.0049152,0.186855196,0.200306933,0.202767184,0.183723956,0.211211733,0.212259707
0.00512,0.179996202,0.195214892,0.194624569,0.175444716,0.204313533,0.206219351
0.0053248,0.171737562,0.190599323,0.189141755,0.171601297,0.195603182,0.201000202
0.0055296,0.164696874,0.180794437,0.185122451,0.164609022,0.193830574,0.194694586
0.0057344,0.161562426,0.175824858,0.175485492,0.159606469,0.184389157,0.191913586
0.0059392,0.153723808,0.171035172,0.169293209,0.154636313,0.181007044,0.185472232
0.006144,0.151304551,0.170248425,0.165287268,0.147058395,0.175491684,0.180800542
0.0063488,0.146955703,0.163532854,0.15988587,0.148952141,0.171215959,0.175675828
0.0065536,0.141011276,0.159856575,0.158716081,0.142966541,0.164871715,0.169813782
0.0067584,0.138928656,0.152243956,0.152273886,0.141204036,0.159853288,0.165980783
0.0069632,0.134604482,0.149949388,0.147409384,0.134208015,0.157598334,0.165470143
0.007168,0.123138981,0.147530231,0.143889653,0.135019108,0.155182059,0.161762226
0.0073728,0.123087772,0.139456726,0.140301959,0.130265421,0.151479794,0.158620898
0.0075776,0.120177924,0.137268714,0.135508952,0.126927517,0.147475088,0.152683681
0.0077824,0.11949178,0.134936536,0.132090223,0.124033954,0.145300158,0.149171237
0.0079872,0.110453501,0.133666797,0.128253103,0.120742111,0.136647997,0.144300905
0.008192,0.112034894,0.128724109,0.125723342,0.121440496,0.133575308,0.138899251
0.0086016,0.107350626,0.124223676,0.120406484,0.116737742,0.127407874,0.13672378
0.0090112,0.105393184,0.117528149,0.118526886,0.108153967,0.121815511,0.129885642
0.0094208,0.098047423,0.109751562,0.113747582,0.108868866,0.115761085,0.125476542
0.0098304,0.097662936,0.109595186,0.106038187,0.100986022,0.111946821,0.119997622
0.01024,0.087018025,0.108822806,0.10131153,0.095147896,0.107031231,0.116267367
0.0106496,0.084187892,0.103331917,0.098846378,0.094877339,0.102625939,0.111880912
0.0110592,0.084293472,0.099074178,0.099812983,0.090545716,0.099548587,0.105015394
0.0114688,0.081828289,0.095778528,0.099914005,0.094265198,0.095066147,0.102581974
0.0118784,0.081382779,0.090588569,0.095323408,0.09332616,0.089439074,0.098480268
0.012288,0.077675883,0.089705744,0.092172807,0.08492502,0.086698795,0.095284187
0.0126976,0.077397074,0.08347411,0.088838599,0.079912192,0.084290051,0.090678239
0.0131072,0.074923836,0.080368029,0.088251982,0.080397756,0.079859412,0.087750857
0.0135168,0.06958671,0.08016462,0.084512276,0.077413012,0.079865911,0.079746032
0.0139264,0.06730952,0.079694996,0.084288787,0.070490749,0.079119783,0.078330624
0.014336,0.06534336,0.077165973,0.080166334,0.072872855,0.076952591,0.07677617
0.0147456,0.061952625,0.073520167,0.074712825,0.067902448,0.076571125,0.072965104
0.0151552,0.061577518,0.074719531,0.074129677,0.068441543,0.07282457,0.070331791
0.0155648,0.059914822,0.067145177,0.0689979,0.065938657,0.072468678,0.067361166
0.0159744,0.058905619,0.064456244,0.068210131,0.065928023,0.068738636,0.065470665
0.016384,0.057064213,0.065771031,0.0663402,0.064412832,0.065948188,0.062787237
0.0172032,0.054420798,0.063319967,0.064756942,0.063239611,0.063152819,0.061841234
0.0180224,0.050779108,0.060056108,0.058185504,0.058239349,0.062005204,0.059352699
0.0188416,0.045230564,0.055508567,0.05196131,0.054015335,0.057707745,0.058117329
0.0196608,0.043124809,0.051811169,0.05085557,0.052424065,0.0557214,0.05455595
0.02048,0.040394249,0.046879445,0.049177931,0.049658291,0.051560712,0.051566627
0.0212992,0.038666928,0.045918359,0.046319562,0.05045271,0.05052033,0.04948258
0.0221184,0.034141255,0.046703835,0.04505159,0.046329306,0.051057813,0.048924628
0.0229376,0.031906606,0.043767158,0.042000737,0.045822394,0.050168022,0.047076501
0.0237568,0.035022159,0.044632796,0.04059519,0.045302505,0.045153161,0.043642858
0.024576,0.031760583,0.039916465,0.040223299,0.041658902,0.04282276,0.041489022
0.0253952,0.030958821,0.039245443,0.039723317,0.040361711,0.04250341,0.040463832
0.0262144,0.02690247,0.03951177,0.041681272,0.041010807,0.039726625,0.037202049
0.0270336,0.028503685,0.036355686,0.040406194,0.039999254,0.036548011,0.036450174
0.0278528,0.025107832,0.035855512,0.037774215,0.038426871,0.03821389,0.036229478
0.028672,0.024658854,0.034542491,0.040687312,0.036382448,0.03726761,0.033850333
0.0294912,0.023553567,0.032732545,0.03848585,0.036692404,0.034674641,0.033225741
0.0303104,0.026782958,0.03186404,0.03441452,0.03606226,0.037245408,0.033793892
0.0311296,0.024115496,0.029542605,0.034111138,0.034707598,0.034202969,0.033089109
0.0319488,0.022632635,0.030441952,0.034190635,0.030802523,0.033548595,0.033209424
0.032768,0.02420783,0.025221119,0.035543097,0.027576754,0.033750701,0.034016701
0.0344064,0.024400079,0.027430518,0.033298621,0.024036063,0.032017235,0.033894472
0.0360448,0.020450868,0.028748585,0.03058686,0.021261683,0.028329816,0.029811648
0.0376832,0.020807182,0.026771848,0.028197455,0.0238139,0.030168615,0.028753438
0.0393216,0.019726999,0.025163076,0.029157433,0.02288716,0.02835171,0.029109581
0.04096,0.017405403,0.023757024,0.03137324,0.018576355,0.025384209,0.026640367
0.0425984,0.016001597,0.022269565,0.028426719,0.016453382,0.021789748,0.023484854
0.0442368,0.017059196,0.021880297,0.027401022,0.014586322,0.02042352,0.022007605
0.0458752,0.018139966,0.022256948,0.030265471,0.015707134,0.021655249,0.022177881
0.0475136,0.017644211,0.019401329,0.034251439,0.015808952,0.023752811,0.01883526
0.049152,0.015995348,0.019800478,0.033546642,0.019246253,0.023832117,0.01664281
0.0507904,0.012688191,0.019102895,0.0286789,0.018544128,0.021751457,0.015231656
0.0524288,0.015059697,0.01794351,0.027117503,0.019472392,0.021433653,0.014099553
0.0540672,0.012993402,0.01995731,0.022136624,0.02002206,0.02188545,0.012516986
0.0557056,0.013157176,0.020724441,0.022210408,0.015806964,0.018891847,0.013212932
0.057344,0.012723533,0.020041628,0.018003969,0.010527454,0.017278003,0.013057914
0.0589824,0.011179395,0.019347544,0.017244316,0.010970206,0.018555076,0.011746135
0.0606208,0.01118839,0.021561575,0.018730721,0.008431226,0.01944421,0.008956641
0.0622592,0.009403046,0.02284561,0.017023357,0.008050058,0.018811339,0.008260963
0.0638976,0.006352827,0.019592065,0.017026225,0.010491557,0.015375777,0.009525388
0.065536,0.006973779,0.016599652,0.013775533,0.014354809,0.015195112,0.006784473
0.0688128,0.010495891,0.017665676,0.010272097,0.014262522,0.015437255,0.008336329
0.0720896,0.012910924,0.01938236,0.007118308,0.013927501,0.013017236,0.012077013
0.0753664,0.010563562,0.018995783,0.012087347,0.011386038,0.013993334,0.008627648
0.0786432,0.011672016,0.014505867,0.011606148,0.014916868,0.013103425,0.00814614
0.08192,0.010878596,0.013453996,0.014280984,0.010836999,0.012366542,0.011363585
0.0851968,0.003183084,0.007069307,0.012433995,0.012167448,0.009017631,0.014045269
0.0884736,0.001953546,0.008715478,0.010023457,0.011459592,0.009667605,0.012937591
0.0917504,0.001822638,0.008709054,0.010902253,0.0083754,0.008269993,0.009696289
0.0950272,0.003342129,0.010104178,0.011192562,0.003418321,0.009435515,0.009461775
0.098304,0.005515456,0.010445344,0.011457883,0.003473755,0.007187778,0.009346541
0.1015808,0.00653155,0.007345981,0.007422517,0.003903448,0.006691348,0.006986978
0.1048576,0.006618228,0.008355561,0.007309977,0.006035307,0.008150161,0.003817355
0.1081344,0.008832495,0.010659022,0.007655281,0.004887862,0.008365974,0.001530825
0.1114112,0.008085398,0.005937259,0.004081547,0.010750769,0.007385175,0.004512164
0.114688,0.006124886,0.004223916,0.00282886,0.010839395,0.007510426,0.004839123
0.1179648,0.003447435,0.003944346,0.005119353,0.005316232,0.005102802,0.006532616
0.1212416,-0.001169728,0.004389101,0.003012109,0.008849005,0.004616626,0.003057655
0.1245184,-0.000326153,0.003894106,0.002255676,0.01252932,0.00915894,0.004141657
0.1277952,0.000819013,0.000570875,0.003332537,0.00957457,0.008200506,0.001250868
0.131072,0.00275328,0.001068624,0.002753675,0.008354376,0.007223693,0.002701473
0.1376256,0.003064214,0.003795259,0.000806944,0.00478414,0.006228785,0.006056661
0.1441792,0.003540776,0.001497279,0.001031674,0.009015322,0.001465155,0.005827632
0.1507328,-0.000509783,0.00223066,0.000570655,0.006091726,0.003833586,0.003197115
0.1572864,0.000216783,0.001884947,0.002327305,0.004333538,0.006360438,0.003139911
0.16384,-0.000717571,0.003327448,0.006728312,0.008282403,0.004978219,0.002751938
0.1703936,-0.001520572,0.004851619,0.006977779,0.007528056,0.002479246,0.004005878
0.1769472,-0.002583454,0.004826641,0.00596469,0.003671845,0.00113392,0.004123146
0.1835008,-0.002331601,-0.000594973,0.002054859,0.004819754,0.001726371,0.006901763
0.1900544,-0.001179243,0.001442618,0.007661777,0.002958074,0.000418462,0.005470239
0.196608,-0.002136212,-0.000799703,0.005674651,0.003206367,0.004425298,0.001354097
0.2031616,-0.000427134,-0.004569044,0.010694468,0.003099803,0.001310192,0.001236578
0.2097152,0.000869932,-0.00279612,0.008469715,0.003948427,0.003442928,0.003687875
0.2162688,-6.27E-05,-0.006321459,0.009659919,0.003399635,0.007319579,0.002414173
0.2228224,0.000176447,-0.002368128,0.006785986,0.006549755,0.00405091,0.003206102
0.229376,0.005114956,0.002067734,0.004182759,0.006923567,0.003278978,-0.000477332
0.2359296,0.006155664,0.001017952,0.004294812,0.005238594,0.003999335,0.000699665
0.2424832,0.005646204,-0.000395048,0.009815301,0.002421918,0.001474987,0.005907794
0.2490368,0.009384878,0.002457397,0.00770484,0.003862723,-0.000314869,0.008489635
0.2555904,0.004849757,-0.003207418,0.007212391,0.006809064,0.001519739,0.006566416
0.262144,0.006146841,0.002530899,0.005154881,0.007304816,0.002240249,0.006385469
0.2752512,0.006838239,0.003867179,0.006070548,0.001759741,0.000885179,0.001482726
0.2883584,0.001345316,-0.000803121,0.002577977,0.0011964,0.004598136,-0.001409861
0.3014656,0.000755429,-0.005442969,0.001045471,0.001699363,0.002857054,0.000242665
0.3145728,0.005549452,-0.000683995,-0.001525444,0.001681906,0.002489592,0.002817212
0.32768,0.007379843,-5.63E-05,-0.000564392,0.001347918,-0.000153829,-0.000275792
0.3407872,0.004838668,0.00409708,-0.004593569,-1.22E-05,-0.001539589,-0.001859308
0.3538944,0.001001376,0.003835523,0.001794194,-0.001264616,0.003601696,0.00214217
0.3670016,-0.000150858,0.001882359,-0.000606122,-0.001419826,0.000160212,-0.000166741
0.3801088,0.001095088,-0.000963262,-0.00743818,-0.001070431,-0.000264622,0.000808591
0.393216,-0.002818837,-0.002966621,-0.003481417,0.001458826,0.001049477,0.002307442
0.4063232,-0.000975082,-0.00334978,-0.001633545,0.000303418,-0.001052711,0.004220815
0.4194304,0.005363018,0.00197589,-0.001001123,0.002254194,-0.004150289,-0.000962762
0.4325376,0.005048335,0.000224662,0.000214274,0.001629071,-0.00271972,-0.001407084
0.4456448,0.0015799,0.000539425,-0.001572298,0.00192961,-0.001780549,-0.000924408
0.458752,0.001484012,0.003244172,0.000677512,-0.000954596,0.000705302,0.000135601
0.4718592,0.002366611,-0.003891802,0.002473587,0.00421438,0.001505683,-0.003555961
0.4849664,0.002660184,0.003606061,0.002586397,0.003226196,0.001165009,-0.000915137
0.4980736,0.00271789,0.002806486,0.005072184,0.000364818,0.001627612,0.001928468
0.5111808,0.004846004,0.002326069,0.004678611,0.003959454,-0.001021089,0.001035312
0.524288,0.005172155,-0.003212717,0.006023269,0.003935977,0.000767241,-0.002116796
0.5505024,0.001285102,0.001155978,0.005049662,-0.000143123,0.00017472,-0.000627956
0.5767168,0.001726966,-0.001271761,0.004215435,-0.004629756,0.002496687,-0.000837762
0.6029312,0.0025368,-0.002505058,0.001204585,-0.000347695,0.00538541,-5.37E-05
0.6291456,0.000150472,-0.002312738,0.00090917,0.000743244,0.001361241,-0.004268185
0.65536,0.002253491,0.003762374,0.003584887,-0.001243827,-0.000899733,-0.00034305
0.6815744,0.00424214,-0.000303064,0.001960138,-0.002522652,0.000286248,-0.000246706
0.7077888,0.00078873,0.001494717,0.00061291,0.001062009,0.001987855,0.001086591
0.7340032,-0.001926415,0.001909107,-0.002150262,0.001049858,0.002921445,-0.003604771
0.7602176,0.000673112,-0.000995761,7.87E-05,0.00232253,0.00206978,-0.001068591
0.786432,2.40E-06,-0.001745948,-0.000637046,-0.001142915,0.001386286,-0.000679038
0.8126464,0.005544206,0.001447093,-0.003226916,-0.002803412,-0.001832773,-0.000988522
0.8388608,0.008040186,0.001842507,0.004553353,0.001793823,-0.00126864,0.002273325
0.8650752,0.006023056,0.00679961,-0.001633293,-0.004284856,-0.001923198,9.12E-05
0.8912896,0.000724688,0.002575729,-0.00086951,-0.004981198,0.000972269,0.000741505
0.917504,-0.002049424,0.005470922,0.001505033,-0.004118718,0.000515854,-0.002169319
0.9437184,9.23E-05,0.002043178,0.000873889,-0.002116104,0.000939276,-0.001875265
0.9699328,0.002931357,-0.001209154,-0.002582551,0.002424455,-0.000346092,-0.002267895
0.9961472,-0.000258433,-0.003210891,-0.003452315,0.004388642,0.002157671,0.000387322
1.0223616,-0.002792761,-0.00088591,-0.004005017,0.000531251,0.001399684,-0.000738463
1.048576,-0.001609271,-0.000444664,0.000650547,0.005999003,0.001856407,0.002512691
1.1010048,-0.001131703,-0.002637078,0.002572386,0.000257542,0.00089342,0.003539371
1.1534336,-0.005393672,-0.000191922,0.000115788,-0.002496742,-6.59E-07,0.005459418
1.2058624,-0.003783978,-0.00109704,0.001440828,0.001043871,0.000503096,0.001608458
1.2582912,0.004784751,0.000202401,0.002798646,0.002542012,0.001354081,0.001309231
1.31072,0.001419193,-0.001806657,-0.001199298,0.001953322,-0.001422166,0.001527411
1.3631488,0.001814086,-0.002026334,0.000419813,0.003032742,-0.001504702,0.000661455
1.4155776,0.002098268,-0.001393128,-0.003334757,0.00098372,-0.001100663,0.001792732
1.4680064,0.0007263,-0.001284635,0.002338936,0.00474087,0.001541786,0.001509404
1.5204352,-0.000655909,0.000848605,-0.00015109,-0.00122075,-0.002801016,-0.000423905
1.572864,-0.00348237,-0.000262488,0.000505625,0.001189156,-0.00022096,-0.000161161
1.6252928,0.00073054,0.002554225,0.004722117,0.00171802,-0.000885257,-0.001629665
1.6777216,0.000151868,-0.001314159,-0.00016052,0.002597169,-0.001647164,-0.002280162
1.7301504,0.00086534,-5.48E-05,0.000250098,0.004540362,-0.002542627,0.001896265
1.7825792,0.000113294,0.002687453,0.002516672,0.002408012,-0.002174557,0.001586572
1.835008,0.000733822,0.00136262,0.001847278,0.00354221,0.001653101,0.000353894
1.8874368,-0.001496109,0.001599903,0.000968285,0.001269637,-0.00018313,0.001614728
1.9398656,0.001169552,0.001132994,0.000446193,0.002271917,-0.001292299,0.001360301
1.9922944,7.27E-05,-0.002228729,0.000636417,-0.000725856,0.000957027,-0.000467318
2.0447232,0.000242559,0.000292008,0.000377858,-0.001576797,-0.002132441,-0.001569964
2.097152,0.001480248,-0.000371668,0.000411205,-0.005482739,-0.00164798,-0.002062519
2.2020096,0.001958579,-0.002664229,-0.003992351,0.000556899,0.000382962,-0.000248648
2.3068672,0.000735414,0.000146228,0.000682541,-0.001865486,-0.000770678,-0.000525155
2.4117248,0.00092234,-0.001805661,0.000550851,0.001079983,-0.00122662,-0.002629021
2.5165824,6.42E-05,-0.000622671,7.64E-05,0.001094312,-0.000826732,-0.00189857
2.62144,0.002795293,0.001533303,-0.003232154,-0.001738116,-0.00148145,-0.002326647
2.7262976,-0.000330454,0.00090173,-0.000177005,-5.29E-05,-0.001859028,-0.00161527
2.8311552,-0.000831478,-0.002822422,-0.002412061,-0.003017222,-0.002190629,0.001859031
2.9360128,0.002806682,0.001404133,-0.004112485,-0.000427917,-0.002508415,0.000505457
3.0408704,-0.002772251,-0.003924672,-0.001579056,-0.00184257,0.00014942,0.00043936
3.145728,-0.00316781,-0.003252436,0.001382431,0.000202478,0.000987327,0.002441893
3.2505856,-7.27E-05,-0.001891732,-0.001040473,0.000179631,-0.002003494,-6.53E-05
3.3554432,0.001295945,-0.00082467,0.002213099,-0.000618524,-0.002432016,0.000279755
3.4603008,-0.000857834,0.001773854,-0.000390015,-0.000782698,-3.07E-05,-0.000225458
3.5651584,0.000473403,0.000413817,0.000364587,0.00034053,-0.001451346,-0.001029068
3.670016,-0.002222755,-0.003182794,-0.001005856,0.000749931,-0.001730711,-0.00036517
3.7748736,-0.003003208,-0.005665411,0.000403323,0.001755981,0.000493587,-0.001826848
3.8797312,-0.002508282,0.000753624,-0.002086156,0.000752225,-0.002854442,-0.001486868
3.9845888,-0.001913852,-0.00116723,0.00150722,0.000735903,-0.00417829,-0.001053743
4.0894464,-0.003188075,0.001205496,-0.001623832,-0.000761329,-0.000926395,-0.003786677
4.194304,-0.000193042,-0.004483182,-0.002195938,0.002049857,1.26E-05,0.003270005
4.4040192,-0.002200208,-0.000567049,0.000160114,0.000795127,-0.000394,0.001708925
4.6137344,-0.001214683,-0.004473544,-0.002727088,-0.003696359,0.000329291,0.003143677
4.8234496,0.002426069,-0.000102713,-0.000855322,-0.000139202,-0.001104699,-0.000858285
5.0331648,-0.00115199,-0.00042584,-0.00359276,0.001050151,-0.001404222,-0.001569179
5.24288,-0.001034889,0.00211012,0.000520225,0.004053279,-0.002693744,0.002131141
5.4525952,-0.000476589,0.00085252,0.000460792,-0.001215657,-0.002118672,0.00057426
5.6623104,0.003217188,-0.000422874,-0.002878377,-0.000899212,0.001485596,0.001534875
5.8720256,0.003959222,-0.000693928,-0.000896404,-0.002555038,0.001197795,0.001477486
6.0817408,-0.001851307,0.00158381,0.000132493,-0.0004933,-0.001245891,-0.000711782
6.291456,-0.000572404,0.001525915,-0.002241186,0.001312801,-0.000906261,-0.001548837
6.5011712,-0.002373804,0.000240504,0.003375187,-0.00118003,0.000916916,0.000437228
6.7108864,-0.00110843,-0.00135399,0.000698337,-0.001054748,0.000859069,-0.001554183
6.9206016,5.46E-05,-0.002772633,0.000314588,-0.002779501,0.001275455,-0.001533385
7.1303168,-0.000423713,-0.002666117,-0.001219244,0.000658019,0.000118644,0.001500974
7.340032,0.000371738,-0.001432633,-0.002829018,0.001619598,-0.00135421,3.30E-05
7.5497472,-0.002452647,0.000115102,0.002959661,0.002791262,-0.000723401,-0.000786807
7.7594624,-1.38E-05,0.000960026,0.000706319,-0.001011017,0.000503253,-0.000980936
7.9691776,-0.002398125,-0.003331084,0.001485824,-0.001048106,0.000796091,-1.05E-06
8.1788928,-0.001705092,-0.001778683,0.001487212,0.001099875,-2.93E-06,-0.001345024
8.388608,0.00067554,0.000254492,-0.002585472,0.000298591,-0.000263812,-0.00105802
